event_id,flow_id,transaction_id,transaction_lifecycle_event,created_at,error_details_source,error_details_message,error_details_decline_type,error_details_decision_type,error_details_decline_reason,error_details_decline_reason_v2
25752189-663a-4b84-b596-71018e6e907d,4c0ded8f-5c15-47eb-9a83-18cd9f63e817,7d1eaa82-63b9-4651-b14b-1f49c395fcd3,AUTHORIZATION_FAILED,"2021-06-03 07:47:50.003493",ADYEN,"HTTP Status Response - Unauthorized",,APPLICATION_ERROR,,
ef9a923b-d0fb-45b7-9083-0acd7c516700,8c94e7a7-3c53-4051-8923-ff7a958f411a,8e578d3e-aba7-4e0c-af09-42594ed12ca2,,"2021-06-03 07:47:50.012518",,,,,,
27e91520-76ba-4821-bd5c-a82c65b2b4ae,8c94e7a7-3c53-4051-8923-ff7a958f411a,8e578d3e-aba7-4e0c-af09-42594ed12ca2,,"2021-06-03 07:47:50.02238",,,,,,
a79dd8f3-0379-47db-a209-599d5573358b,8c94e7a7-3c53-4051-8923-ff7a958f411a,8e578d3e-aba7-4e0c-af09-42594ed12ca2,AUTHORIZATION_SUBMITTED,"2021-06-03 07:47:50.033322",,,,,,
cf592c67-d944-46e7-b11a-6b4971e3abb6,c4194f89-ad0a-42e8-b268-4e624694408d,7b9c3f6a-6c48-4a55-8698-4cbb6c231c84,,"2021-06-03 07:47:50.034339",,,,,,
2babdafe-a97a-467f-a6df-431e901a9c0a,e1105f90-0975-40fe-b44e-1eb7ca74a878,21b8e2a0-1301-4a04-97df-32c8ce952930,,"2021-06-03 07:47:50.037599",,,,,,
a7cdaa09-0976-4db5-bfb1-1e83366206cc,e1105f90-0975-40fe-b44e-1eb7ca74a878,21b8e2a0-1301-4a04-97df-32c8ce952930,,"2021-06-03 07:47:50.045918",,,,,,
eb8cf3f0-f6dc-4c8e-9648-88dea76dac55,8c94e7a7-3c53-4051-8923-ff7a958f411a,8e578d3e-aba7-4e0c-af09-42594ed12ca2,AUTHORIZATION_FAILED,"2021-06-03 07:47:50.050289",ADYEN,"HTTP Status Response - Unauthorized",,APPLICATION_ERROR,,
ac339855-3530-4479-bb97-58ffbe49e90e,c42efe3b-bd52-4b6e-be6a-4d803f23ef8c,c0342a9a-e3f3-4e80-b752-cca2662fa777,,"2021-06-03 07:47:50.053202",,,,,,
c55c51b6-a9d9-4c72-950c-63a276026dc6,e1105f90-0975-40fe-b44e-1eb7ca74a878,21b8e2a0-1301-4a04-97df-32c8ce952930,AUTHORIZATION_SUBMITTED,"2021-06-03 07:47:50.054832",,,,,,
2ce4e888-f7a8-4e38-a8fc-1c722ef332c1,06272bbc-98b3-4003-9b22-3947a5f1760b,9d529ef0-af42-49fa-9ae9-4629b15a64b6,,"2021-06-03 07:47:50.057594",,,,,,
fcf74c93-64d0-4cb7-8022-1d0083bcea6f,c4194f89-ad0a-42e8-b268-4e624694408d,7b9c3f6a-6c48-4a55-8698-4cbb6c231c84,,"2021-06-03 07:47:50.056943",,,,,,
e910516d-94ee-4c12-a15f-e6b21fd70caf,c42efe3b-bd52-4b6e-be6a-4d803f23ef8c,c0342a9a-e3f3-4e80-b752-cca2662fa777,,"2021-06-03 07:47:50.061728",,,,,,
f3a5aacf-a21c-4771-8834-c9aa1bd1717e,06272bbc-98b3-4003-9b22-3947a5f1760b,9d529ef0-af42-49fa-9ae9-4629b15a64b6,,"2021-06-03 07:47:50.066936",,,,,,
f50acc32-7a5e-45cd-adb5-ce4b9e4610bd,c42efe3b-bd52-4b6e-be6a-4d803f23ef8c,c0342a9a-e3f3-4e80-b752-cca2662fa777,AUTHORIZATION_SUBMITTED,"2021-06-03 07:47:50.072097",,,,,,
55980fa9-3add-48cf-850a-706004d96d3a,e1105f90-0975-40fe-b44e-1eb7ca74a878,21b8e2a0-1301-4a04-97df-32c8ce952930,AUTHORIZATION_FAILED,"2021-06-03 07:47:50.07305",ADYEN,"HTTP Status Response - Unauthorized",,APPLICATION_ERROR,,
7bddc623-7128-41b5-9d2d-e4ad71a87a34,06272bbc-98b3-4003-9b22-3947a5f1760b,9d529ef0-af42-49fa-9ae9-4629b15a64b6,AUTHORIZATION_SUBMITTED,"2021-06-03 07:47:50.076998",,,,,,
e10832e8-0ed5-4a5e-b565-3c24eeee70d1,b62bbc4d-0d3d-45f8-a818-d57a0a71f356,6d5fc715-0a65-4ad1-b998-392d83cbec45,AUTHORIZATION_FAILED,"2021-06-03 07:47:50.085291",ADYEN,"HTTP Status Response - Unauthorized",,APPLICATION_ERROR,,
312191e3-df28-48c8-b840-bd0dae4dee94,c42efe3b-bd52-4b6e-be6a-4d803f23ef8c,c0342a9a-e3f3-4e80-b752-cca2662fa777,AUTHORIZATION_FAILED,"2021-06-03 07:47:50.089003",ADYEN,"HTTP Status Response - Unauthorized",,APPLICATION_ERROR,,
87dd7498-135c-4706-87ff-492e7ffce6dd,06272bbc-98b3-4003-9b22-3947a5f1760b,9d529ef0-af42-49fa-9ae9-4629b15a64b6,AUTHORIZATION_FAILED,"2021-06-03 07:47:50.094011",ADYEN,"HTTP Status Response - Unauthorized",,APPLICATION_ERROR,,
d0ade29d-03d7-43e5-a1f9-51ead3f72b6c,c4194f89-ad0a-42e8-b268-4e624694408d,7b9c3f6a-6c48-4a55-8698-4cbb6c231c84,AUTHORIZATION_SUBMITTED,"2021-06-03 07:47:50.09762",,,,,,
cf8e9ffd-d978-4c38-97cd-7f4772013297,c4194f89-ad0a-42e8-b268-4e624694408d,7b9c3f6a-6c48-4a55-8698-4cbb6c231c84,AUTHORIZATION_FAILED,"2021-06-03 07:47:50.118453",ADYEN,"HTTP Status Response - Unauthorized",,APPLICATION_ERROR,,
370a3c59-5d8b-4cea-b5e3-3719fc305d47,e70320d3-f0d5-44bd-bb00-0dc7e8be4550,b18bfcc8-ba98-4d70-ac8e-382f8c9c142a,,"2021-06-03 07:47:50.179606",,,,,,
480975ef-ce4c-450a-8b46-89fb082e6192,e70320d3-f0d5-44bd-bb00-0dc7e8be4550,b18bfcc8-ba98-4d70-ac8e-382f8c9c142a,,"2021-06-03 07:47:50.187905",,,,,,
ec61c85c-ce5a-486a-8f53-7aa9afacf5b8,b65bc113-807d-49ec-a7c7-5f49129f46f0,04a60a85-2254-4a2b-94d6-b4e764a524d5,,"2021-06-03 07:47:50.196775",,,,,,
01c59736-361d-46dd-91e1-47414874f6a5,e70320d3-f0d5-44bd-bb00-0dc7e8be4550,b18bfcc8-ba98-4d70-ac8e-382f8c9c142a,AUTHORIZATION_SUBMITTED,"2021-06-03 07:47:50.197838",,,,,,
bd047164-05e3-45e1-a6ee-0cbc2d8bbed2,b65bc113-807d-49ec-a7c7-5f49129f46f0,04a60a85-2254-4a2b-94d6-b4e764a524d5,,"2021-06-03 07:47:50.204972",,,,,,
d823e453-ade0-4a44-9d66-98f0a895ea9e,c69c6f2d-37be-4174-92d2-e3bb49c09c03,9be77217-e292-4ac7-b275-f38e123910b7,,"2021-06-03 07:47:50.208389",,,,,,
c5fa557a-0f2d-4157-858e-f72bfd0f0409,c69c6f2d-37be-4174-92d2-e3bb49c09c03,9be77217-e292-4ac7-b275-f38e123910b7,,"2021-06-03 07:47:50.213369",,,,,,
93ef528a-5dd3-4ec9-93f6-d1e79d10c7b2,b65bc113-807d-49ec-a7c7-5f49129f46f0,04a60a85-2254-4a2b-94d6-b4e764a524d5,AUTHORIZATION_SUBMITTED,"2021-06-03 07:47:50.214538",,,,,,
59342ddb-3fb8-4c8d-8c0d-ba29ce367b45,c69c6f2d-37be-4174-92d2-e3bb49c09c03,9be77217-e292-4ac7-b275-f38e123910b7,AUTHORIZATION_SUBMITTED,"2021-06-03 07:47:50.219271",,,,,,
58c0ef6d-1c97-4ceb-9efd-6c9e75191f4c,e70320d3-f0d5-44bd-bb00-0dc7e8be4550,b18bfcc8-ba98-4d70-ac8e-382f8c9c142a,AUTHORIZATION_FAILED,"2021-06-03 07:47:50.223233",ADYEN,"HTTP Status Response - Unauthorized",,APPLICATION_ERROR,,
5b0f167c-b192-4f1d-8b5e-efcc7f76384d,96d9ba9a-8cda-49b6-a8d0-3270eb2060ec,714fce52-b10c-4101-8ed2-1b0cd9fe6204,,"2021-06-03 07:47:50.226314",,,,,,
bad7eaac-70a8-433b-826a-8f962eeaf9d7,b65bc113-807d-49ec-a7c7-5f49129f46f0,04a60a85-2254-4a2b-94d6-b4e764a524d5,AUTHORIZATION_FAILED,"2021-06-03 07:47:50.229818",ADYEN,"HTTP Status Response - Unauthorized",,APPLICATION_ERROR,,
ea5bda58-2e1d-4703-9a97-803647dd88c5,c69c6f2d-37be-4174-92d2-e3bb49c09c03,9be77217-e292-4ac7-b275-f38e123910b7,AUTHORIZATION_FAILED,"2021-06-03 07:47:50.231382",ADYEN,"HTTP Status Response - Unauthorized",,APPLICATION_ERROR,,
c3518495-ef5b-4da9-8188-85a6a63b9a4b,2e2f3806-1232-4462-9216-bd318eda45e4,d7d3c1c4-6a2e-4cd6-ad2e-f4338f279e1f,,"2021-06-03 07:47:50.231812",,,,,,
0cec4c0d-2381-4d7f-b771-ea6f5704152e,96d9ba9a-8cda-49b6-a8d0-3270eb2060ec,714fce52-b10c-4101-8ed2-1b0cd9fe6204,,"2021-06-03 07:47:50.234895",,,,,,
3ed893ab-a40c-4282-8620-9f78fca9a8c0,2e2f3806-1232-4462-9216-bd318eda45e4,d7d3c1c4-6a2e-4cd6-ad2e-f4338f279e1f,,"2021-06-03 07:47:50.239627",,,,,,
a026ac9f-880e-47d6-9a8a-ef28c561e6e7,0a61d38b-9716-4e85-9797-5c4fe16969a7,d001ef22-257e-4a04-bd4d-6b19cdcb5b62,,"2021-06-03 07:47:50.243237",,,,,,
dbdb2486-7c25-4f4f-acf7-76ad9945db0d,96d9ba9a-8cda-49b6-a8d0-3270eb2060ec,714fce52-b10c-4101-8ed2-1b0cd9fe6204,AUTHORIZATION_SUBMITTED,"2021-06-03 07:47:50.243853",,,,,,
0c0ba6ae-d7bf-493a-bf38-199da702d8ee,0a61d38b-9716-4e85-9797-5c4fe16969a7,d001ef22-257e-4a04-bd4d-6b19cdcb5b62,,"2021-06-03 07:47:50.248627",,,,,,
b44b479a-7f43-40d5-8521-01940a592de5,0a61d38b-9716-4e85-9797-5c4fe16969a7,d001ef22-257e-4a04-bd4d-6b19cdcb5b62,AUTHORIZATION_SUBMITTED,"2021-06-03 07:47:50.254368",,,,,,
eda7c90d-b770-4c2f-8a87-efed518ec267,2e2f3806-1232-4462-9216-bd318eda45e4,d7d3c1c4-6a2e-4cd6-ad2e-f4338f279e1f,AUTHORIZATION_SUBMITTED,"2021-06-03 07:47:50.257165",,,,,,
cbd791e5-a09f-4d8a-8844-6d23b05456f6,96d9ba9a-8cda-49b6-a8d0-3270eb2060ec,714fce52-b10c-4101-8ed2-1b0cd9fe6204,AUTHORIZATION_FAILED,"2021-06-03 07:47:50.258448",ADYEN,"HTTP Status Response - Unauthorized",,APPLICATION_ERROR,,
569329bc-5bd0-4d86-abe3-2cbf811328c1,0a61d38b-9716-4e85-9797-5c4fe16969a7,d001ef22-257e-4a04-bd4d-6b19cdcb5b62,AUTHORIZATION_FAILED,"2021-06-03 07:47:50.268785",ADYEN,"HTTP Status Response - Unauthorized",,APPLICATION_ERROR,,
bc9cfb5e-03dc-45c7-99cb-ac1470c71e1e,b2b99761-2ec2-4439-bbd4-ed0a8232400f,7237773c-d959-499a-a562-309851496cdb,,"2021-06-03 07:47:50.287139",,,,,,
53c4a1c5-8f3f-4839-80e2-1d33835e8a46,2e2f3806-1232-4462-9216-bd318eda45e4,d7d3c1c4-6a2e-4cd6-ad2e-f4338f279e1f,AUTHORIZATION_FAILED,"2021-06-03 07:47:50.294808",ADYEN,"HTTP Status Response - Unauthorized",,APPLICATION_ERROR,,
4b2a62ad-1b49-4f07-b70f-14214e49b67d,952cd1b6-00ba-4f5a-a351-cd3beead3737,e7744ed5-2598-444f-b285-2043a772e93c,,"2021-06-03 07:47:50.302477",,,,,,
7cb1f881-94df-4fc2-ba6c-170b8ed8f386,b2b99761-2ec2-4439-bbd4-ed0a8232400f,7237773c-d959-499a-a562-309851496cdb,,"2021-06-03 07:47:50.303476",,,,,,
9581e71a-1477-43f2-80f6-0e4e6a40272b,952cd1b6-00ba-4f5a-a351-cd3beead3737,e7744ed5-2598-444f-b285-2043a772e93c,,"2021-06-03 07:47:50.312556",,,,,,
3fba8051-7290-478e-b1b7-380b0afd605c,b2b99761-2ec2-4439-bbd4-ed0a8232400f,7237773c-d959-499a-a562-309851496cdb,AUTHORIZATION_SUBMITTED,"2021-06-03 07:47:50.313629",,,,,,
d8c8fe11-b18b-40fb-b141-397cea676fa9,952cd1b6-00ba-4f5a-a351-cd3beead3737,e7744ed5-2598-444f-b285-2043a772e93c,AUTHORIZATION_SUBMITTED,"2021-06-03 07:47:50.321289",,,,,,
78f8bace-bc4d-44e6-adc5-a53f31acf40e,952cd1b6-00ba-4f5a-a351-cd3beead3737,e7744ed5-2598-444f-b285-2043a772e93c,AUTHORIZATION_FAILED,"2021-06-03 07:47:50.338935",ADYEN,"HTTP Status Response - Unauthorized",,APPLICATION_ERROR,,
a74bc60b-af31-4b0f-b5a0-6caf99e29394,93588942-becc-4847-98fa-67dc6a6260e8,38f94b48-1c2f-4cbf-aaa0-705f7ce98d00,,"2021-06-03 07:47:50.356235",,,,,,
4eb234f9-4224-48d5-856f-ae188ce1917f,93588942-becc-4847-98fa-67dc6a6260e8,38f94b48-1c2f-4cbf-aaa0-705f7ce98d00,,"2021-06-03 07:47:50.361245",,,,,,
23764948-2ceb-48c0-b448-dcc73c31861d,f33006ce-5961-4906-8195-67e0a7f5bad1,a6ea103c-9bde-4abe-929e-01d764b1612d,AUTHORIZATION_FAILED,"2021-06-03 07:47:50.363399",ADYEN,"HTTP Status Response - Unauthorized",,APPLICATION_ERROR,,
48aa202e-6167-408c-a2c9-53002fa0a8c5,93588942-becc-4847-98fa-67dc6a6260e8,38f94b48-1c2f-4cbf-aaa0-705f7ce98d00,AUTHORIZATION_SUBMITTED,"2021-06-03 07:47:50.369264",,,,,,
e9fa0044-0f53-42d7-b07c-7f4cbfd49ce0,fb35e689-8a87-481b-b39b-5011fb02224b,08f5d16b-d450-4d97-8aa9-b18f887f8fd5,,"2021-06-03 07:47:50.376708",,,,,,
a29b88ea-dbef-465e-a14b-9218430e6e71,93588942-becc-4847-98fa-67dc6a6260e8,38f94b48-1c2f-4cbf-aaa0-705f7ce98d00,AUTHORIZATION_FAILED,"2021-06-03 07:47:50.384098",ADYEN,"HTTP Status Response - Unauthorized",,APPLICATION_ERROR,,
00afb3be-6c4a-42c6-882e-71ffc65c213c,fb35e689-8a87-481b-b39b-5011fb02224b,08f5d16b-d450-4d97-8aa9-b18f887f8fd5,,"2021-06-03 07:47:50.383451",,,,,,
337dfd0c-3ff8-4f22-b1b5-7c0976bcfe43,fb35e689-8a87-481b-b39b-5011fb02224b,08f5d16b-d450-4d97-8aa9-b18f887f8fd5,AUTHORIZATION_SUBMITTED,"2021-06-03 07:47:50.391802",,,,,,
0c7ae7e4-1105-4dc5-b152-2dc9a5cca284,b2b99761-2ec2-4439-bbd4-ed0a8232400f,7237773c-d959-499a-a562-309851496cdb,AUTHORIZATION_FAILED,"2021-06-03 07:47:50.403222",ADYEN,"HTTP Status Response - Unauthorized",,APPLICATION_ERROR,,
99947909-d340-46b0-8e66-70c58bd9f04a,fb35e689-8a87-481b-b39b-5011fb02224b,08f5d16b-d450-4d97-8aa9-b18f887f8fd5,AUTHORIZATION_FAILED,"2021-06-03 07:47:50.407973",ADYEN,"HTTP Status Response - Unauthorized",,APPLICATION_ERROR,,
ff4b9f3b-9892-4a79-a29d-da55c37e1c9d,62623a30-2e6a-4237-8be5-147fc4300a8b,b56fe48c-32ee-4c02-a9a9-5d941ad61a2a,,"2021-06-03 07:47:50.410088",,,,,,
bacb74b7-5e47-4b1f-92f6-fa6d4d9b4653,62623a30-2e6a-4237-8be5-147fc4300a8b,b56fe48c-32ee-4c02-a9a9-5d941ad61a2a,,"2021-06-03 07:47:50.414585",,,,,,
176707e1-4b20-48e1-a790-ae342ad1ad8a,62623a30-2e6a-4237-8be5-147fc4300a8b,b56fe48c-32ee-4c02-a9a9-5d941ad61a2a,AUTHORIZATION_SUBMITTED,"2021-06-03 07:47:50.420128",,,,,,
841e8710-bea5-4b7f-85e3-9dcd74478b0c,9729d1f0-bb17-498c-a287-4d16792535dc,cc5a721b-12ba-4c0d-9fbd-4caf18fa56f9,,"2021-06-03 07:47:50.431173",,,,,,
3ffd3fc6-75a5-4059-abd1-01b7b56a33a1,62623a30-2e6a-4237-8be5-147fc4300a8b,b56fe48c-32ee-4c02-a9a9-5d941ad61a2a,AUTHORIZATION_FAILED,"2021-06-03 07:47:50.433685",ADYEN,"HTTP Status Response - Unauthorized",,APPLICATION_ERROR,,
c1ede097-583e-4e28-87b3-732f21dc8c3a,9729d1f0-bb17-498c-a287-4d16792535dc,cc5a721b-12ba-4c0d-9fbd-4caf18fa56f9,,"2021-06-03 07:47:50.439696",,,,,,
500e85a2-ace0-4bdc-b0f8-a56fb12b3818,9729d1f0-bb17-498c-a287-4d16792535dc,cc5a721b-12ba-4c0d-9fbd-4caf18fa56f9,AUTHORIZATION_SUBMITTED,"2021-06-03 07:47:50.448805",,,,,,
6e23a50c-850d-45a5-a074-a76ba612fabc,ad31c3b7-6102-4b2e-9465-66d2587c935b,f882b460-1ae9-460c-a4d5-9e24ec9bc99e,,"2021-06-03 07:47:50.457731",,,,,,
776240ac-6357-4d8e-a1fa-415ddfcfc9bd,eb70d10e-c747-47b0-a5aa-91ebb0ca70b0,bb289cce-26f5-4181-8d42-261097844c65,,"2021-06-03 07:47:50.462205",,,,,,
374d9729-7b00-42ea-bac2-bfee28cf26f6,9729d1f0-bb17-498c-a287-4d16792535dc,cc5a721b-12ba-4c0d-9fbd-4caf18fa56f9,AUTHORIZATION_FAILED,"2021-06-03 07:47:50.463546",ADYEN,"HTTP Status Response - Unauthorized",,APPLICATION_ERROR,,
0b8854d0-8b44-4ace-8f92-c3e98f009d4d,ad31c3b7-6102-4b2e-9465-66d2587c935b,f882b460-1ae9-460c-a4d5-9e24ec9bc99e,,"2021-06-03 07:47:50.464721",,,,,,
512ba5d9-94e9-4d96-890a-b71f5e5f963e,ad31c3b7-6102-4b2e-9465-66d2587c935b,f882b460-1ae9-460c-a4d5-9e24ec9bc99e,AUTHORIZATION_SUBMITTED,"2021-06-03 07:47:50.47391",,,,,,
bbe2c068-d085-4084-a716-3a185b43dc8b,eda3ef29-9946-4248-b007-c7633835bb5e,6e31f605-9cf9-4142-a2e2-26b4c2b2cada,,"2021-06-03 07:47:50.482918",,,,,,
05d2473f-0ffc-406b-be48-1f6d8117ca61,eb70d10e-c747-47b0-a5aa-91ebb0ca70b0,bb289cce-26f5-4181-8d42-261097844c65,,"2021-06-03 07:47:50.485389",,,,,,
79f05534-1e86-45d0-9771-5d8e327e9f76,eda3ef29-9946-4248-b007-c7633835bb5e,6e31f605-9cf9-4142-a2e2-26b4c2b2cada,,"2021-06-03 07:47:50.489866",,,,,,
62c488e9-8db3-479f-bcb2-43b0a479502a,ad31c3b7-6102-4b2e-9465-66d2587c935b,f882b460-1ae9-460c-a4d5-9e24ec9bc99e,AUTHORIZATION_FAILED,"2021-06-03 07:47:50.491917",ADYEN,"HTTP Status Response - Unauthorized",,APPLICATION_ERROR,,
509e3714-8615-4b72-88f1-e776675651f5,eb70d10e-c747-47b0-a5aa-91ebb0ca70b0,bb289cce-26f5-4181-8d42-261097844c65,AUTHORIZATION_SUBMITTED,"2021-06-03 07:47:50.492106",,,,,,
6c17f2da-53f4-46da-be5a-5934e5772172,eda3ef29-9946-4248-b007-c7633835bb5e,6e31f605-9cf9-4142-a2e2-26b4c2b2cada,AUTHORIZATION_SUBMITTED,"2021-06-03 07:47:50.498228",,,,,,
44136e65-df06-47aa-848e-bd3a71867e92,eb70d10e-c747-47b0-a5aa-91ebb0ca70b0,bb289cce-26f5-4181-8d42-261097844c65,AUTHORIZATION_FAILED,"2021-06-03 07:47:50.505998",ADYEN,"HTTP Status Response - Unauthorized",,APPLICATION_ERROR,,
9409c8ee-897e-49e9-a309-3098d4215e21,eda3ef29-9946-4248-b007-c7633835bb5e,6e31f605-9cf9-4142-a2e2-26b4c2b2cada,AUTHORIZATION_FAILED,"2021-06-03 07:47:50.512198",ADYEN,"HTTP Status Response - Unauthorized",,APPLICATION_ERROR,,
04fbd334-ff03-46a2-81b1-66ddbda847da,326970f1-8fe1-401d-8f30-336d7960217e,17836faa-8758-4eb9-ad0b-511a2e2c1f5b,,"2021-06-03 07:47:50.549376",,,,,,
cf25293b-45e0-4973-97f4-dd48dabb116a,a3c89fe3-397f-4e66-8684-d87b1ada4e76,157d7ee3-27d0-458c-8059-95030c47d3f4,,"2021-06-03 07:47:50.553439",,,,,,
a995e2a1-2cdf-4cde-b26f-d8c7c9d67233,ecbffb89-a501-4971-a114-46e228a9bf88,01d3ae29-18bb-4ee1-8b06-3213ec4270a6,,"2021-06-03 07:47:50.559992",,,,,,
8949fbab-12ed-45be-a409-fc509d19631e,a3c89fe3-397f-4e66-8684-d87b1ada4e76,157d7ee3-27d0-458c-8059-95030c47d3f4,,"2021-06-03 07:47:50.562094",,,,,,
7838044e-ced0-4c91-9548-dcb2b43c2494,b1c778f7-c3a1-4901-a655-dabeac8ca2f2,fcbed5da-3328-4dff-82f8-defa312dc00d,,"2021-06-03 07:47:50.569272",,,,,,
7a152985-872c-4239-ba0e-d9b3296de0d1,ecbffb89-a501-4971-a114-46e228a9bf88,01d3ae29-18bb-4ee1-8b06-3213ec4270a6,,"2021-06-03 07:47:50.569009",,,,,,
bfd772a3-8920-4937-8665-250ece25fb44,a3c89fe3-397f-4e66-8684-d87b1ada4e76,157d7ee3-27d0-458c-8059-95030c47d3f4,AUTHORIZATION_SUBMITTED,"2021-06-03 07:47:50.572394",,,,,,
737c0ec5-9850-4471-b4b4-783e9ee6dee5,326970f1-8fe1-401d-8f30-336d7960217e,17836faa-8758-4eb9-ad0b-511a2e2c1f5b,,"2021-06-03 07:47:50.575833",,,,,,
6a1fa755-205d-4720-b62f-d800a09e9b1e,b1c778f7-c3a1-4901-a655-dabeac8ca2f2,fcbed5da-3328-4dff-82f8-defa312dc00d,,"2021-06-03 07:47:50.576874",,,,,,
37b02bcb-d716-42ea-89f8-857be4c87a61,ecbffb89-a501-4971-a114-46e228a9bf88,01d3ae29-18bb-4ee1-8b06-3213ec4270a6,AUTHORIZATION_SUBMITTED,"2021-06-03 07:47:50.58159",,,,,,
146e0ae3-053b-4cd1-bc57-288d9138e3cb,b1c778f7-c3a1-4901-a655-dabeac8ca2f2,fcbed5da-3328-4dff-82f8-defa312dc00d,AUTHORIZATION_SUBMITTED,"2021-06-03 07:47:50.586368",,,,,,
5b866563-0af7-4d27-84e4-be26acf67673,326970f1-8fe1-401d-8f30-336d7960217e,17836faa-8758-4eb9-ad0b-511a2e2c1f5b,AUTHORIZATION_SUBMITTED,"2021-06-03 07:47:50.589886",,,,,,
743094e1-3379-4bf9-927c-33859b911efc,a3c89fe3-397f-4e66-8684-d87b1ada4e76,157d7ee3-27d0-458c-8059-95030c47d3f4,AUTHORIZATION_FAILED,"2021-06-03 07:47:50.591539",ADYEN,"HTTP Status Response - Unauthorized",,APPLICATION_ERROR,,
495c66af-43ec-4c35-a37d-1e6161833a62,4c072c8a-9eee-4aa6-9d52-73c7f99fda49,0516d8ea-52d3-4875-a7ed-5b11d0cd2d20,,"2021-06-03 07:47:50.601493",,,,,,
49c2c3e5-6906-4b80-bfe2-6e417400a335,326970f1-8fe1-401d-8f30-336d7960217e,17836faa-8758-4eb9-ad0b-511a2e2c1f5b,AUTHORIZATION_FAILED,"2021-06-03 07:47:50.609059",ADYEN,"HTTP Status Response - Unauthorized",,APPLICATION_ERROR,,
ed21a4a7-c323-4ae6-8c31-4290db8a3bb6,ecbffb89-a501-4971-a114-46e228a9bf88,01d3ae29-18bb-4ee1-8b06-3213ec4270a6,AUTHORIZATION_FAILED,"2021-06-03 07:47:50.609697",ADYEN,"HTTP Status Response - Unauthorized",,APPLICATION_ERROR,,
c5dcb297-892a-4e2a-8aca-bce5a0aa5ef9,b1c778f7-c3a1-4901-a655-dabeac8ca2f2,fcbed5da-3328-4dff-82f8-defa312dc00d,AUTHORIZATION_FAILED,"2021-06-03 07:47:50.610933",ADYEN,"HTTP Status Response - Unauthorized",,APPLICATION_ERROR,,
78ec8da0-1326-4813-a9f8-bc87b85d96d0,9ad578fd-c8c0-4206-a2b4-c466df2d8a7a,b9e58084-25f0-434e-af16-e6821dab93f5,,"2021-06-03 07:47:50.611367",,,,,,
f75d223a-dffa-4d83-aaf2-6481c6d5c440,4c072c8a-9eee-4aa6-9d52-73c7f99fda49,0516d8ea-52d3-4875-a7ed-5b11d0cd2d20,,"2021-06-03 07:47:50.610694",,,,,,
fee4c07d-58a3-4b02-9b45-ecc6a4bf5d22,4c072c8a-9eee-4aa6-9d52-73c7f99fda49,0516d8ea-52d3-4875-a7ed-5b11d0cd2d20,AUTHORIZATION_SUBMITTED,"2021-06-03 07:47:50.627768",,,,,,
869ac7ec-4ad5-4555-b5ff-b5a4564e14d7,9ad578fd-c8c0-4206-a2b4-c466df2d8a7a,b9e58084-25f0-434e-af16-e6821dab93f5,,"2021-06-03 07:47:50.635752",,,,,,
4925ef7f-bfae-4305-8bd2-7fb8e87d5ac4,4c072c8a-9eee-4aa6-9d52-73c7f99fda49,0516d8ea-52d3-4875-a7ed-5b11d0cd2d20,AUTHORIZATION_FAILED,"2021-06-03 07:47:50.644138",ADYEN,"HTTP Status Response - Unauthorized",,APPLICATION_ERROR,,
5edc840b-30ad-4981-81c7-880e27bf9a8d,2873a0c6-8ac2-4b6a-986f-670347c60828,39968cad-70ca-469c-a255-377955ae9889,,"2021-06-03 07:47:50.68327",,,,,,
33ef3dd9-257a-46de-b369-5a6015df8c24,912442fa-5118-4ebf-9c8c-31cbcb689110,8a550ab5-d091-43cd-ae01-24a57d9507ec,,"2021-06-03 07:47:50.685215",,,,,,
6053e965-4e8e-4fcc-b502-8574f5854bd1,d5d6cd6e-f3de-4098-b439-aca6f22305e9,b43514da-32f1-4bee-80df-b968ddc3b72b,,"2021-06-03 07:47:50.689204",,,,,,
851a0bf4-3091-4941-b769-b22fe32ec5c5,9ad578fd-c8c0-4206-a2b4-c466df2d8a7a,b9e58084-25f0-434e-af16-e6821dab93f5,AUTHORIZATION_SUBMITTED,"2021-06-03 07:47:50.690476",,,,,,
35ca52ba-d0f3-43eb-93a4-440338085a4d,2873a0c6-8ac2-4b6a-986f-670347c60828,39968cad-70ca-469c-a255-377955ae9889,,"2021-06-03 07:47:50.69166",,,,,,
98516516-8e0c-4985-bf83-5870ed95132d,912442fa-5118-4ebf-9c8c-31cbcb689110,8a550ab5-d091-43cd-ae01-24a57d9507ec,,"2021-06-03 07:47:50.695093",,,,,,
542dd91c-5c25-4a9f-a903-f3b67eab1437,2873a0c6-8ac2-4b6a-986f-670347c60828,39968cad-70ca-469c-a255-377955ae9889,AUTHORIZATION_SUBMITTED,"2021-06-03 07:47:50.703173",,,,,,
b6a839f1-6993-49ae-90d5-27b1bed084ca,d5d6cd6e-f3de-4098-b439-aca6f22305e9,b43514da-32f1-4bee-80df-b968ddc3b72b,,"2021-06-03 07:47:50.706089",,,,,,
4126387d-9e6c-4239-b059-70ec4bc201c6,9ad578fd-c8c0-4206-a2b4-c466df2d8a7a,b9e58084-25f0-434e-af16-e6821dab93f5,AUTHORIZATION_FAILED,"2021-06-03 07:47:50.707918",ADYEN,"HTTP Status Response - Unauthorized",,APPLICATION_ERROR,,
cd9fa64a-e73f-4a25-b941-fb49a1f5918d,ebb37dbf-46f2-4121-843a-f5856e853e7f,7642084b-87a5-4282-a4e2-ce1c055ce212,,"2021-06-03 07:47:50.71677",,,,,,
7d948893-239c-4818-a253-23a6b94e61df,d5d6cd6e-f3de-4098-b439-aca6f22305e9,b43514da-32f1-4bee-80df-b968ddc3b72b,AUTHORIZATION_SUBMITTED,"2021-06-03 07:47:50.719188",,,,,,
7e7bc69c-dc49-4d91-9950-26da6ace0f8b,ebb37dbf-46f2-4121-843a-f5856e853e7f,7642084b-87a5-4282-a4e2-ce1c055ce212,,"2021-06-03 07:47:50.721925",,,,,,
ae2665c8-3c47-48f1-b650-20c648485c33,ebb37dbf-46f2-4121-843a-f5856e853e7f,7642084b-87a5-4282-a4e2-ce1c055ce212,AUTHORIZATION_SUBMITTED,"2021-06-03 07:47:50.728993",,,,,,
f0a6395b-2a4d-43b6-b4d1-a27404280dfd,2873a0c6-8ac2-4b6a-986f-670347c60828,39968cad-70ca-469c-a255-377955ae9889,AUTHORIZATION_FAILED,"2021-06-03 07:47:50.730892",ADYEN,"HTTP Status Response - Unauthorized",,APPLICATION_ERROR,,
487a41b5-1610-4860-ab1b-fa7422eef579,d7227f7f-90d4-430e-a8f0-6d87df41f0b7,5a6a7ec8-a303-40e3-860b-5c0294a35892,,"2021-06-03 07:47:50.735446",,,,,,
a6fd5bb4-375c-4fc3-b332-4257c4e87652,d5d6cd6e-f3de-4098-b439-aca6f22305e9,b43514da-32f1-4bee-80df-b968ddc3b72b,AUTHORIZATION_FAILED,"2021-06-03 07:47:50.736343",ADYEN,"HTTP Status Response - Unauthorized",,APPLICATION_ERROR,,
6116cb61-3129-426d-ae58-b324ff097740,ebb37dbf-46f2-4121-843a-f5856e853e7f,7642084b-87a5-4282-a4e2-ce1c055ce212,AUTHORIZATION_FAILED,"2021-06-03 07:47:50.741374",ADYEN,"HTTP Status Response - Unauthorized",,APPLICATION_ERROR,,
d8a92d1a-fca4-454c-8fcd-8c1181d40244,d7227f7f-90d4-430e-a8f0-6d87df41f0b7,5a6a7ec8-a303-40e3-860b-5c0294a35892,,"2021-06-03 07:47:50.743577",,,,,,
2f1875c6-53f3-45ae-9442-3e783819fd99,d7227f7f-90d4-430e-a8f0-6d87df41f0b7,5a6a7ec8-a303-40e3-860b-5c0294a35892,AUTHORIZATION_SUBMITTED,"2021-06-03 07:47:50.752936",,,,,,
c8d58d1a-9189-42e9-9d64-9fb1d58a4b8d,d6037b02-0011-46b9-a6db-e3b69f9cd259,aad83a6e-9be9-431c-aa47-9f8ad073dc2b,,"2021-06-03 07:47:50.75654",,,,,,
823b9e53-dd62-4670-929a-725fa27b4c31,d6037b02-0011-46b9-a6db-e3b69f9cd259,aad83a6e-9be9-431c-aa47-9f8ad073dc2b,,"2021-06-03 07:47:50.761321",,,,,,
818704f4-329b-45d2-b983-5d0af36d9d28,d6037b02-0011-46b9-a6db-e3b69f9cd259,aad83a6e-9be9-431c-aa47-9f8ad073dc2b,AUTHORIZATION_SUBMITTED,"2021-06-03 07:47:50.767212",,,,,,
d9cd50cc-2372-43f5-bb95-9366b1260d5b,d7227f7f-90d4-430e-a8f0-6d87df41f0b7,5a6a7ec8-a303-40e3-860b-5c0294a35892,AUTHORIZATION_FAILED,"2021-06-03 07:47:50.767598",ADYEN,"HTTP Status Response - Unauthorized",,APPLICATION_ERROR,,
afc87bfb-a747-4699-a948-9ae9b1ad716e,912442fa-5118-4ebf-9c8c-31cbcb689110,8a550ab5-d091-43cd-ae01-24a57d9507ec,AUTHORIZATION_SUBMITTED,"2021-06-03 07:47:50.775822",,,,,,
cd7451d4-172a-47a5-aa13-b99b059dd44c,d6037b02-0011-46b9-a6db-e3b69f9cd259,aad83a6e-9be9-431c-aa47-9f8ad073dc2b,AUTHORIZATION_FAILED,"2021-06-03 07:47:50.781962",ADYEN,"HTTP Status Response - Unauthorized",,APPLICATION_ERROR,,
d2ac176f-ebd8-47b4-96f8-347a398ff050,5dc1d390-662f-4541-b9f0-158288034bc9,e30e3a54-c034-48b2-9b31-9593fa9fb6b7,,"2021-06-03 07:47:50.795361",,,,,,
0e8d63d8-5600-4b17-9f8c-c1edc7da5da7,5dc1d390-662f-4541-b9f0-158288034bc9,e30e3a54-c034-48b2-9b31-9593fa9fb6b7,,"2021-06-03 07:47:50.80733",,,,,,
77bf13f8-836c-4887-bdfd-4ea161346987,912442fa-5118-4ebf-9c8c-31cbcb689110,8a550ab5-d091-43cd-ae01-24a57d9507ec,AUTHORIZATION_FAILED,"2021-06-03 07:47:50.815047",ADYEN,"HTTP Status Response - Unauthorized",,APPLICATION_ERROR,,
acd9bfe9-36f6-4d8f-9f2e-7e42c50cc3ad,36f81630-8210-4802-a277-f29c69a4b598,f010b76a-5c9f-4b68-892e-cd7447dfa61a,,"2021-06-03 07:47:50.815081",,,,,,
f789ceb9-1121-4260-ad21-381d61b48689,36f81630-8210-4802-a277-f29c69a4b598,f010b76a-5c9f-4b68-892e-cd7447dfa61a,,"2021-06-03 07:47:50.875301",,,,,,
61c23e29-f61f-4a8b-a358-5479c72f6ac4,5dc1d390-662f-4541-b9f0-158288034bc9,e30e3a54-c034-48b2-9b31-9593fa9fb6b7,AUTHORIZATION_SUBMITTED,"2021-06-03 07:47:50.890025",,,,,,
43056852-b9e8-4f6f-a21f-90faf597de3e,36f81630-8210-4802-a277-f29c69a4b598,f010b76a-5c9f-4b68-892e-cd7447dfa61a,AUTHORIZATION_SUBMITTED,"2021-06-03 07:47:50.894305",,,,,,
a69236de-c501-4a6b-b253-345c2f5fcf05,5dc1d390-662f-4541-b9f0-158288034bc9,e30e3a54-c034-48b2-9b31-9593fa9fb6b7,AUTHORIZATION_FAILED,"2021-06-03 07:47:50.912976",ADYEN,"HTTP Status Response - Unauthorized",,APPLICATION_ERROR,,
ffb8bcee-3a59-4a9f-8bcc-80b6e519fb79,287a51a6-1747-4b59-adaa-078c2c5c13a8,01026f01-d770-4cfa-9c4a-1884cd071766,,"2021-06-03 07:47:50.925075",,,,,,
c1dc91ce-c6c4-4f6e-9755-ea42ef9fa8bd,287a51a6-1747-4b59-adaa-078c2c5c13a8,01026f01-d770-4cfa-9c4a-1884cd071766,,"2021-06-03 07:47:50.932919",,,,,,
efb2849a-ea2c-4899-8e5c-12a6ca9c09a2,287a51a6-1747-4b59-adaa-078c2c5c13a8,01026f01-d770-4cfa-9c4a-1884cd071766,AUTHORIZATION_SUBMITTED,"2021-06-03 07:47:50.94208",,,,,,
2828e378-1922-4473-959c-591ee7def09f,287a51a6-1747-4b59-adaa-078c2c5c13a8,01026f01-d770-4cfa-9c4a-1884cd071766,AUTHORIZATION_FAILED,"2021-06-03 07:47:50.959312",ADYEN,"HTTP Status Response - Unauthorized",,APPLICATION_ERROR,,
fb6a30cb-6cd7-4ff2-b6a0-074ea880a3e1,36f81630-8210-4802-a277-f29c69a4b598,f010b76a-5c9f-4b68-892e-cd7447dfa61a,AUTHORIZATION_FAILED,"2021-06-03 07:47:50.972832",ADYEN,"HTTP Status Response - Unauthorized",,APPLICATION_ERROR,,
67f77215-981c-4a90-96d2-37d5a73d7408,dec4f3e6-0c3f-409e-a611-3ff6f01f2cc1,5faf24e4-d816-4594-8169-d23fe0f5df77,,"2021-06-03 07:47:50.993158",,,,,,
d4afb857-b7e4-4de3-a535-2c2fb79829d2,5625e145-6c43-47d6-92eb-f5b21465a4c2,ebd58444-6905-49ce-b24c-feab19ca0ebd,,"2021-06-03 07:47:50.992957",,,,,,
bd15f218-f546-4d7a-9d5e-77fde2ce93d1,dec4f3e6-0c3f-409e-a611-3ff6f01f2cc1,5faf24e4-d816-4594-8169-d23fe0f5df77,,"2021-06-03 07:47:51.001773",,,,,,
037e45ed-3bd4-4549-b7ff-24f22694429f,5625e145-6c43-47d6-92eb-f5b21465a4c2,ebd58444-6905-49ce-b24c-feab19ca0ebd,,"2021-06-03 07:47:51.004464",,,,,,
a46e0749-cc14-49fd-9c7d-0a8eafc40cd4,d7c7dc9a-b9d5-40bf-9667-832ea6a7a8cf,3dae7b54-7554-4b29-828a-5e8bda245b4f,,"2021-06-03 07:47:51.008701",,,,,,
585c4ff5-1222-44b9-b28a-90642c43a454,dec4f3e6-0c3f-409e-a611-3ff6f01f2cc1,5faf24e4-d816-4594-8169-d23fe0f5df77,AUTHORIZATION_SUBMITTED,"2021-06-03 07:47:51.01367",,,,,,
65ed1c58-69ba-4e08-ab0e-7e63ffc7d691,d7c7dc9a-b9d5-40bf-9667-832ea6a7a8cf,3dae7b54-7554-4b29-828a-5e8bda245b4f,,"2021-06-03 07:47:51.017301",,,,,,
7e5cc545-e75a-4d23-8513-129ac71b7960,d7c7dc9a-b9d5-40bf-9667-832ea6a7a8cf,3dae7b54-7554-4b29-828a-5e8bda245b4f,AUTHORIZATION_SUBMITTED,"2021-06-03 07:47:51.027066",,,,,,
b98ac94f-4011-43d2-9a22-e379794beb16,dec4f3e6-0c3f-409e-a611-3ff6f01f2cc1,5faf24e4-d816-4594-8169-d23fe0f5df77,AUTHORIZATION_FAILED,"2021-06-03 07:47:51.028905",ADYEN,"HTTP Status Response - Unauthorized",,APPLICATION_ERROR,,
304e0a82-544e-492c-b135-348ce08030bb,f3ce6d64-64f4-49e6-9b17-69b369e8f043,f752ea56-44ed-450b-94cd-f4cbc22d97b8,,"2021-06-03 07:47:51.031738",,,,,,
b37ee214-83fd-41d2-9c6a-e5da40aac095,f3ce6d64-64f4-49e6-9b17-69b369e8f043,f752ea56-44ed-450b-94cd-f4cbc22d97b8,,"2021-06-03 07:47:51.036969",,,,,,
8e4511f4-adf1-477e-b66e-b2414fac94f7,f3ce6d64-64f4-49e6-9b17-69b369e8f043,f752ea56-44ed-450b-94cd-f4cbc22d97b8,AUTHORIZATION_SUBMITTED,"2021-06-03 07:47:51.04318",,,,,,
c6db2fff-324f-40cd-ae89-aa1b2048fedb,d7c7dc9a-b9d5-40bf-9667-832ea6a7a8cf,3dae7b54-7554-4b29-828a-5e8bda245b4f,AUTHORIZATION_FAILED,"2021-06-03 07:47:51.05033",ADYEN,"HTTP Status Response - Unauthorized",,APPLICATION_ERROR,,
8186bb17-dead-4231-961a-1254ebfb9cb3,f3ce6d64-64f4-49e6-9b17-69b369e8f043,f752ea56-44ed-450b-94cd-f4cbc22d97b8,AUTHORIZATION_FAILED,"2021-06-03 07:47:51.056976",ADYEN,"HTTP Status Response - Unauthorized",,APPLICATION_ERROR,,
afd17c66-a03c-4658-b1f6-8a37c50e0777,2cb3410d-ceef-4bcc-97a4-333d6ca28033,154aa833-a7db-4eb2-ab68-5167eb282765,,"2021-06-03 07:47:51.061679",,,,,,
d0bdf7df-affa-4146-97fa-ab25c55e7b3f,b60ada2c-163d-4505-a701-f7fc2153bc6b,725067c9-f0d9-4f17-992d-c6269ba0b3c9,,"2021-06-03 07:47:51.064792",,,,,,
84e838d6-85a3-473d-b0ea-eae5606d3bdb,5e93ba0e-625d-4cb4-8c1e-384e4dcdcbab,f4db50ac-b524-453f-a679-03308661a72c,,"2021-06-03 07:47:51.065463",,,,,,
882457c5-97f3-4d9f-96fe-f281a5312972,2cb3410d-ceef-4bcc-97a4-333d6ca28033,154aa833-a7db-4eb2-ab68-5167eb282765,,"2021-06-03 07:47:51.069863",,,,,,
7cdef59d-562a-417e-a577-baf98f004814,5e93ba0e-625d-4cb4-8c1e-384e4dcdcbab,f4db50ac-b524-453f-a679-03308661a72c,,"2021-06-03 07:47:51.072834",,,,,,
7a58f4b5-0d30-46fc-90d3-d49183bcaf22,6e974bcf-824b-4d33-a088-4da2a6753d67,5f7baf1d-0c0c-4cdc-99f2-e1bb65fca836,,"2021-06-03 07:47:51.074193",,,,,,
a0f77a20-f745-4629-a6fd-706c0fa4f439,b60ada2c-163d-4505-a701-f7fc2153bc6b,725067c9-f0d9-4f17-992d-c6269ba0b3c9,,"2021-06-03 07:47:51.073885",,,,,,
bbe9dace-8639-4e46-981c-1f4b6b231c63,2cb3410d-ceef-4bcc-97a4-333d6ca28033,154aa833-a7db-4eb2-ab68-5167eb282765,AUTHORIZATION_SUBMITTED,"2021-06-03 07:47:51.080689",,,,,,
fc3e423e-abc9-41c9-b2ba-2f9b92e3bfde,b60ada2c-163d-4505-a701-f7fc2153bc6b,725067c9-f0d9-4f17-992d-c6269ba0b3c9,AUTHORIZATION_SUBMITTED,"2021-06-03 07:47:51.083326",,,,,,
7876742b-9faa-4a42-8e5a-580b3b1309c5,5e93ba0e-625d-4cb4-8c1e-384e4dcdcbab,f4db50ac-b524-453f-a679-03308661a72c,AUTHORIZATION_SUBMITTED,"2021-06-03 07:47:51.086855",,,,,,
2624e735-a96b-4c66-a398-9f6b3c7a4c61,5625e145-6c43-47d6-92eb-f5b21465a4c2,ebd58444-6905-49ce-b24c-feab19ca0ebd,AUTHORIZATION_SUBMITTED,"2021-06-03 07:47:51.097916",,,,,,
329f632d-9b06-4a66-a115-7cba79987d60,2cb3410d-ceef-4bcc-97a4-333d6ca28033,154aa833-a7db-4eb2-ab68-5167eb282765,AUTHORIZATION_FAILED,"2021-06-03 07:47:51.100232",ADYEN,"HTTP Status Response - Unauthorized",,APPLICATION_ERROR,,
6639477c-5532-4fe9-a78f-bd65031b9941,b60ada2c-163d-4505-a701-f7fc2153bc6b,725067c9-f0d9-4f17-992d-c6269ba0b3c9,AUTHORIZATION_FAILED,"2021-06-03 07:47:51.10121",ADYEN,"HTTP Status Response - Unauthorized",,APPLICATION_ERROR,,
9fc0d028-26f5-4eaa-a0be-d7d81980b9fb,ab36ee58-c36a-487c-a044-e2d304a9a41c,3f001d53-899c-4c13-87ef-330068f1d2c8,,"2021-06-03 07:47:51.107211",,,,,,
acd778dd-afc7-43e5-b923-adf7257808be,5e93ba0e-625d-4cb4-8c1e-384e4dcdcbab,f4db50ac-b524-453f-a679-03308661a72c,AUTHORIZATION_FAILED,"2021-06-03 07:47:51.115663",ADYEN,"HTTP Status Response - Unauthorized",,APPLICATION_ERROR,,
33dac74c-ab80-4724-98de-efc06e072800,6a3d4e35-ab65-4e4a-a00e-0863b0827b0c,6e244765-375d-4e9b-b605-e43f5ff83b15,,"2021-06-03 07:47:51.136204",,,,,,
7096a5f1-20ac-42c9-9e66-4b51dc65821e,6a3d4e35-ab65-4e4a-a00e-0863b0827b0c,6e244765-375d-4e9b-b605-e43f5ff83b15,,"2021-06-03 07:47:51.143719",,,,,,
12bba1b4-ca2e-4134-bbdd-bd4f588a1ae0,6a3d4e35-ab65-4e4a-a00e-0863b0827b0c,6e244765-375d-4e9b-b605-e43f5ff83b15,AUTHORIZATION_SUBMITTED,"2021-06-03 07:47:51.152837",,,,,,
4cd50bd0-8fab-459d-8521-5984ff94b6b6,6e974bcf-824b-4d33-a088-4da2a6753d67,5f7baf1d-0c0c-4cdc-99f2-e1bb65fca836,,"2021-06-03 07:47:51.152989",,,,,,
0318e60e-31b0-4646-8e39-179f7a392df5,4426b606-cf1b-47bb-aee9-946bbe1878bf,34d241c2-ba43-4519-838e-d76d986cd612,,"2021-06-03 07:47:51.168598",,,,,,
7c27bc45-809e-4652-b7b5-7c9aab4b911c,6a3d4e35-ab65-4e4a-a00e-0863b0827b0c,6e244765-375d-4e9b-b605-e43f5ff83b15,AUTHORIZATION_FAILED,"2021-06-03 07:47:51.168799",ADYEN,"HTTP Status Response - Unauthorized",,APPLICATION_ERROR,,
a8a43146-127e-4a2a-8739-26b1160741b1,4426b606-cf1b-47bb-aee9-946bbe1878bf,34d241c2-ba43-4519-838e-d76d986cd612,,"2021-06-03 07:47:51.17472",,,,,,
77d3f8bc-9977-49b2-ae73-f3efea12ea7a,6e974bcf-824b-4d33-a088-4da2a6753d67,5f7baf1d-0c0c-4cdc-99f2-e1bb65fca836,AUTHORIZATION_SUBMITTED,"2021-06-03 07:47:51.175777",,,,,,
5327340c-362e-4cc2-b11b-90734902b12b,5625e145-6c43-47d6-92eb-f5b21465a4c2,ebd58444-6905-49ce-b24c-feab19ca0ebd,AUTHORIZATION_FAILED,"2021-06-03 07:47:51.183338",ADYEN,"HTTP Status Response - Unauthorized",,APPLICATION_ERROR,,
7ecdccbc-c680-4ee9-b791-deb95c4540d9,4426b606-cf1b-47bb-aee9-946bbe1878bf,34d241c2-ba43-4519-838e-d76d986cd612,AUTHORIZATION_SUBMITTED,"2021-06-03 07:47:51.182367",,,,,,
4eb458a3-7259-4d16-8c3d-71f8e458a862,1dfbecc9-5715-431f-a8de-ec1821155c63,c4ce047f-e099-46dc-8f42-4833632f64fc,,"2021-06-03 07:47:51.188062",,,,,,
ddace3e3-2934-4231-aeb2-a3e73761a5c7,ab36ee58-c36a-487c-a044-e2d304a9a41c,3f001d53-899c-4c13-87ef-330068f1d2c8,,"2021-06-03 07:47:51.195988",,,,,,
5349cd15-743c-4927-a1fb-97f3a343fbc3,1dfbecc9-5715-431f-a8de-ec1821155c63,c4ce047f-e099-46dc-8f42-4833632f64fc,,"2021-06-03 07:47:51.196216",,,,,,
b08d9973-453f-457f-9a6b-6749d4d38ca4,8610066b-3eaa-4af2-9345-589536314bb7,2bf1b80d-f2a9-4d4a-aa07-7ccce6226bf6,,"2021-06-03 07:47:51.197271",,,,,,
226279c2-c9f0-46bc-a33f-207f24429e53,4426b606-cf1b-47bb-aee9-946bbe1878bf,34d241c2-ba43-4519-838e-d76d986cd612,AUTHORIZATION_FAILED,"2021-06-03 07:47:51.201699",ADYEN,"HTTP Status Response - Unauthorized",,APPLICATION_ERROR,,
8a641fbf-61c6-46f8-928a-1532b384cd98,8610066b-3eaa-4af2-9345-589536314bb7,2bf1b80d-f2a9-4d4a-aa07-7ccce6226bf6,,"2021-06-03 07:47:51.202366",,,,,,
63448203-80c9-4f20-a2d8-2cfa13015d25,1dfbecc9-5715-431f-a8de-ec1821155c63,c4ce047f-e099-46dc-8f42-4833632f64fc,AUTHORIZATION_SUBMITTED,"2021-06-03 07:47:51.205237",,,,,,
8864a645-f68f-40f6-9727-fe0c705fd4ed,8610066b-3eaa-4af2-9345-589536314bb7,2bf1b80d-f2a9-4d4a-aa07-7ccce6226bf6,AUTHORIZATION_SUBMITTED,"2021-06-03 07:47:51.209074",,,,,,
aec20bad-8428-46ce-bb90-585a0a3f4351,ab36ee58-c36a-487c-a044-e2d304a9a41c,3f001d53-899c-4c13-87ef-330068f1d2c8,AUTHORIZATION_SUBMITTED,"2021-06-03 07:47:51.210299",,,,,,
97627659-2823-479e-be71-3e183ae5e60d,7eacab4c-4cbb-46eb-be5b-517803a3cb56,a4def0f2-c83c-48b8-950c-f02a9dafa505,,"2021-06-03 07:47:51.220299",,,,,,
aec10aee-b68c-4b18-af2d-2d21197caaa1,8610066b-3eaa-4af2-9345-589536314bb7,2bf1b80d-f2a9-4d4a-aa07-7ccce6226bf6,AUTHORIZATION_FAILED,"2021-06-03 07:47:51.223303",ADYEN,"HTTP Status Response - Unauthorized",,APPLICATION_ERROR,,
24c998ba-ff0d-42f9-b1f3-7f198d6c24b4,7eacab4c-4cbb-46eb-be5b-517803a3cb56,a4def0f2-c83c-48b8-950c-f02a9dafa505,,"2021-06-03 07:47:51.22716",,,,,,
4c511c09-89a9-406c-9fd1-2efff77945ed,7eacab4c-4cbb-46eb-be5b-517803a3cb56,a4def0f2-c83c-48b8-950c-f02a9dafa505,AUTHORIZATION_SUBMITTED,"2021-06-03 07:47:51.235768",,,,,,
fc6d3edc-e137-4517-90d2-dcb875b440ad,7eacab4c-4cbb-46eb-be5b-517803a3cb56,a4def0f2-c83c-48b8-950c-f02a9dafa505,AUTHORIZATION_FAILED,"2021-06-03 07:47:51.249467",ADYEN,"HTTP Status Response - Unauthorized",,APPLICATION_ERROR,,
e0c8185c-a5fc-499e-8c0a-d2cc3a4bc571,2a11140e-f36d-4286-9cea-71d8469f8c89,ed5e8af0-34e4-4a95-a957-e7abd43b1758,,"2021-06-03 07:47:51.254828",,,,,,
bc64d098-f0cd-4f09-9e35-ff67263b33ed,2a11140e-f36d-4286-9cea-71d8469f8c89,ed5e8af0-34e4-4a95-a957-e7abd43b1758,,"2021-06-03 07:47:51.262618",,,,,,
df983780-8177-4552-bdc8-1cd6f65cf9e9,6e974bcf-824b-4d33-a088-4da2a6753d67,5f7baf1d-0c0c-4cdc-99f2-e1bb65fca836,AUTHORIZATION_FAILED,"2021-06-03 07:47:51.26808",ADYEN,"HTTP Status Response - Unauthorized",,APPLICATION_ERROR,,
f13b5042-f91c-4dfe-b213-249b9f3c1016,2a11140e-f36d-4286-9cea-71d8469f8c89,ed5e8af0-34e4-4a95-a957-e7abd43b1758,AUTHORIZATION_SUBMITTED,"2021-06-03 07:47:51.271219",,,,,,
91b43438-cbea-4e95-8133-0d5c832082a0,b1d5ff16-986d-450c-91ba-98363210c90e,c9b28b77-0a39-4af2-a119-d89af5734e36,,"2021-06-03 07:47:51.276493",,,,,,
e57b7081-045b-4d8e-83cd-37f26497d979,b1d5ff16-986d-450c-91ba-98363210c90e,c9b28b77-0a39-4af2-a119-d89af5734e36,,"2021-06-03 07:47:51.282842",,,,,,
19a265d1-0201-4fd2-b86c-0ddb97459f04,b1d5ff16-986d-450c-91ba-98363210c90e,c9b28b77-0a39-4af2-a119-d89af5734e36,AUTHORIZATION_SUBMITTED,"2021-06-03 07:47:51.288967",,,,,,
25422f4a-be7d-484c-97fd-5e890724f3da,2a11140e-f36d-4286-9cea-71d8469f8c89,ed5e8af0-34e4-4a95-a957-e7abd43b1758,AUTHORIZATION_FAILED,"2021-06-03 07:47:51.289768",ADYEN,"HTTP Status Response - Unauthorized",,APPLICATION_ERROR,,
a1e12947-17dd-4b40-984d-adef37db296b,b1d5ff16-986d-450c-91ba-98363210c90e,c9b28b77-0a39-4af2-a119-d89af5734e36,AUTHORIZATION_FAILED,"2021-06-03 07:47:51.306566",ADYEN,"HTTP Status Response - Unauthorized",,APPLICATION_ERROR,,
c4714e12-34b8-41a0-87b7-b541eff982d0,ab36ee58-c36a-487c-a044-e2d304a9a41c,3f001d53-899c-4c13-87ef-330068f1d2c8,AUTHORIZATION_FAILED,"2021-06-03 07:47:51.316432",ADYEN,"HTTP Status Response - Unauthorized",,APPLICATION_ERROR,,
80067b13-5dba-4af7-b23a-0a28decf5c50,0d8ef6d8-7f40-4c1c-b962-20fd765760e0,3482cc44-40b6-4e03-a553-cf3f5eaaeda5,,"2021-06-03 07:47:51.352337",,,,,,
3edc9f82-2f01-415e-82c3-fa6094f10a23,0d8ef6d8-7f40-4c1c-b962-20fd765760e0,3482cc44-40b6-4e03-a553-cf3f5eaaeda5,,"2021-06-03 07:47:51.356799",,,,,,
ed219f66-0c1d-45d4-b0ae-0d84585298cd,c3713805-6217-4fdc-ade5-fc585f56ecac,4442b23f-6864-4714-a098-73dee5cab2e9,,"2021-06-03 07:47:51.35932",,,,,,
67a41896-4de2-4289-ac16-04ee90166523,c3713805-6217-4fdc-ade5-fc585f56ecac,4442b23f-6864-4714-a098-73dee5cab2e9,,"2021-06-03 07:47:51.368853",,,,,,
e1941525-1c09-494a-ac1c-61c2c6068fee,0d8ef6d8-7f40-4c1c-b962-20fd765760e0,3482cc44-40b6-4e03-a553-cf3f5eaaeda5,AUTHORIZATION_SUBMITTED,"2021-06-03 07:47:51.379125",,,,,,
09343539-6f3a-4e39-8e6e-b37239d44b2b,c3713805-6217-4fdc-ade5-fc585f56ecac,4442b23f-6864-4714-a098-73dee5cab2e9,AUTHORIZATION_SUBMITTED,"2021-06-03 07:47:51.381265",,,,,,
f6bb2d2d-0e5b-41d5-bcd8-a0f81eca5dad,0d8ef6d8-7f40-4c1c-b962-20fd765760e0,3482cc44-40b6-4e03-a553-cf3f5eaaeda5,AUTHORIZATION_FAILED,"2021-06-03 07:47:51.392489",ADYEN,"HTTP Status Response - Unauthorized",,APPLICATION_ERROR,,
2d7ce926-7dbe-4f8e-84a3-3454cf0848c0,c3713805-6217-4fdc-ade5-fc585f56ecac,4442b23f-6864-4714-a098-73dee5cab2e9,AUTHORIZATION_FAILED,"2021-06-03 07:47:51.405139",ADYEN,"HTTP Status Response - Unauthorized",,APPLICATION_ERROR,,
bad77761-d0ee-46c0-816b-45208ff53e1a,cda3a468-439d-4b87-b92d-7511bb0778ca,c66b10ed-191a-48c5-b09f-46b23780f58a,,"2021-06-03 07:47:51.425039",,,,,,
406c0094-0ca6-4d50-990a-e99d977dd10b,73b6f650-1554-4515-8d15-536b2f765030,977d4244-cf82-4ded-8876-9ac569519d4b,,"2021-06-03 07:47:51.452186",,,,,,
d1c3de25-3a92-4dd5-83c3-3ace40ee9d54,73b6f650-1554-4515-8d15-536b2f765030,977d4244-cf82-4ded-8876-9ac569519d4b,,"2021-06-03 07:47:51.457021",,,,,,
f13a596a-6356-4cf5-9096-a13d4317b9ba,6fdfd492-96c5-403f-b776-582681f5b50e,35b19ec8-d532-46a8-ae7f-790564c7fde9,,"2021-06-03 07:47:51.458953",,,,,,
e5d886b7-50c7-4c04-9a64-25846322d5e1,73b6f650-1554-4515-8d15-536b2f765030,977d4244-cf82-4ded-8876-9ac569519d4b,AUTHORIZATION_SUBMITTED,"2021-06-03 07:47:51.462784",,,,,,
cd46772b-1c99-4968-b90d-ea1d27c1c97d,6fdfd492-96c5-403f-b776-582681f5b50e,35b19ec8-d532-46a8-ae7f-790564c7fde9,,"2021-06-03 07:47:51.463894",,,,,,
834dc249-fe26-4908-8db8-303bcc3961f4,6fdfd492-96c5-403f-b776-582681f5b50e,35b19ec8-d532-46a8-ae7f-790564c7fde9,AUTHORIZATION_SUBMITTED,"2021-06-03 07:47:51.470544",,,,,,
be806f2f-da30-40a4-8e2b-6c003b69d0c3,73b6f650-1554-4515-8d15-536b2f765030,977d4244-cf82-4ded-8876-9ac569519d4b,AUTHORIZATION_FAILED,"2021-06-03 07:47:51.476579",ADYEN,"HTTP Status Response - Unauthorized",,APPLICATION_ERROR,,
505f3710-f80c-4991-85b8-808adb996184,cda3a468-439d-4b87-b92d-7511bb0778ca,c66b10ed-191a-48c5-b09f-46b23780f58a,,"2021-06-03 07:47:51.479883",,,,,,
c5c3bddc-6bda-4963-9bfb-23c5cf500ddb,6fdfd492-96c5-403f-b776-582681f5b50e,35b19ec8-d532-46a8-ae7f-790564c7fde9,AUTHORIZATION_FAILED,"2021-06-03 07:47:51.487121",ADYEN,"HTTP Status Response - Unauthorized",,APPLICATION_ERROR,,
af815376-c637-4bc7-9dd2-b7fe84846607,cda3a468-439d-4b87-b92d-7511bb0778ca,c66b10ed-191a-48c5-b09f-46b23780f58a,AUTHORIZATION_SUBMITTED,"2021-06-03 07:47:51.500968",,,,,,
a49dfedb-5e88-41f0-8442-008c7df6ab12,7f196528-7985-4629-ab8f-095423d3a11a,1c5f431b-8c78-4cfc-b9fe-4e3ba2a722c1,,"2021-06-03 07:47:51.523056",,,,,,
caea8253-40f7-456d-b0de-bf27d1f6bb07,15e5a04d-1888-41c4-8338-949332f12b52,7f42c2b0-8ddb-4359-854d-122d3bd77865,,"2021-06-03 07:47:51.523693",,,,,,
94f72bb2-8de5-47bc-a6e8-e6590930f7a2,7f196528-7985-4629-ab8f-095423d3a11a,1c5f431b-8c78-4cfc-b9fe-4e3ba2a722c1,,"2021-06-03 07:47:51.53103",,,,,,
5e604a68-3bee-4c64-9c91-1aa783f3032f,7f196528-7985-4629-ab8f-095423d3a11a,1c5f431b-8c78-4cfc-b9fe-4e3ba2a722c1,AUTHORIZATION_SUBMITTED,"2021-06-03 07:47:51.539744",,,,,,
ba9e756b-189c-4662-94a5-ac64726d24f5,030d7bb9-215e-4bba-b682-2f48f3123295,2bd13a90-41a7-4269-9ee8-663a10d9fc85,,"2021-06-03 07:47:51.54409",,,,,,
bb2b50b3-e584-4017-9196-7086644ba9ee,00e70d21-8108-41bc-a5c3-923ed373fcf9,2c227fed-877d-489f-b9d4-c0e00442560c,,"2021-06-03 07:47:51.544819",,,,,,
17e6bca1-dfa3-4b1a-93ca-7ca8ce4940cf,649e6a96-a613-4de6-8d3f-630d3e6c00a5,dffaa78b-1811-4662-b59e-dd6b5cb8f29f,,"2021-06-03 07:47:51.545542",,,,,,
f612d365-0c6e-40c4-b2d4-1a277e5c8edf,e21fd7ae-0228-4041-9aaa-03af0da34d39,98502c7d-8162-474a-91e8-791e83262998,,"2021-06-03 07:47:51.546784",,,,,,
646b78c2-e2c1-4904-875f-9576021259ad,030d7bb9-215e-4bba-b682-2f48f3123295,2bd13a90-41a7-4269-9ee8-663a10d9fc85,,"2021-06-03 07:47:51.553666",,,,,,
675fce25-f395-411b-84f5-9679a623ef77,7f196528-7985-4629-ab8f-095423d3a11a,1c5f431b-8c78-4cfc-b9fe-4e3ba2a722c1,AUTHORIZATION_FAILED,"2021-06-03 07:47:51.555466",ADYEN,"HTTP Status Response - Unauthorized",,APPLICATION_ERROR,,
8f9c7095-cd31-45c3-856e-dbcd85633c26,649e6a96-a613-4de6-8d3f-630d3e6c00a5,dffaa78b-1811-4662-b59e-dd6b5cb8f29f,,"2021-06-03 07:47:51.55458",,,,,,
e3b4019e-b386-4645-a068-a653fa1ee4e9,00e70d21-8108-41bc-a5c3-923ed373fcf9,2c227fed-877d-489f-b9d4-c0e00442560c,,"2021-06-03 07:47:51.555101",,,,,,
4c76c2c8-7454-4fc8-9a2f-6f2ab69a1e2c,00e70d21-8108-41bc-a5c3-923ed373fcf9,2c227fed-877d-489f-b9d4-c0e00442560c,AUTHORIZATION_SUBMITTED,"2021-06-03 07:47:51.563648",,,,,,
1b0682b0-338a-4e3f-aa7e-3dc794037e23,e21fd7ae-0228-4041-9aaa-03af0da34d39,98502c7d-8162-474a-91e8-791e83262998,,"2021-06-03 07:47:51.561814",,,,,,
6428c694-5583-4057-9608-2d8a0abff820,649e6a96-a613-4de6-8d3f-630d3e6c00a5,dffaa78b-1811-4662-b59e-dd6b5cb8f29f,AUTHORIZATION_SUBMITTED,"2021-06-03 07:47:51.565132",,,,,,
e98b7a36-09c7-49a0-9665-905dac2d4c26,030d7bb9-215e-4bba-b682-2f48f3123295,2bd13a90-41a7-4269-9ee8-663a10d9fc85,AUTHORIZATION_SUBMITTED,"2021-06-03 07:47:51.565977",,,,,,
a691dc94-70a0-4b18-956e-7ab6aa91bf24,e21fd7ae-0228-4041-9aaa-03af0da34d39,98502c7d-8162-474a-91e8-791e83262998,AUTHORIZATION_SUBMITTED,"2021-06-03 07:47:51.577522",,,,,,
b503a1a9-a300-468c-89b4-e6c773ae106b,00e70d21-8108-41bc-a5c3-923ed373fcf9,2c227fed-877d-489f-b9d4-c0e00442560c,AUTHORIZATION_FAILED,"2021-06-03 07:47:51.579273",ADYEN,"HTTP Status Response - Unauthorized",,APPLICATION_ERROR,,
468e0e7c-f884-43cd-b3a3-167cbb575140,649e6a96-a613-4de6-8d3f-630d3e6c00a5,dffaa78b-1811-4662-b59e-dd6b5cb8f29f,AUTHORIZATION_FAILED,"2021-06-03 07:47:51.581749",ADYEN,"HTTP Status Response - Unauthorized",,APPLICATION_ERROR,,
9770db7e-e940-4a75-91dc-21dada41bbe4,15e5a04d-1888-41c4-8338-949332f12b52,7f42c2b0-8ddb-4359-854d-122d3bd77865,,"2021-06-03 07:47:51.581711",,,,,,
54f99d8a-a136-489f-a712-69b394859b57,030d7bb9-215e-4bba-b682-2f48f3123295,2bd13a90-41a7-4269-9ee8-663a10d9fc85,AUTHORIZATION_FAILED,"2021-06-03 07:47:51.583094",ADYEN,"HTTP Status Response - Unauthorized",,APPLICATION_ERROR,,
443e1a51-88d1-4c10-a6c1-ae5513b04820,cda3a468-439d-4b87-b92d-7511bb0778ca,c66b10ed-191a-48c5-b09f-46b23780f58a,AUTHORIZATION_FAILED,"2021-06-03 07:47:51.583143",ADYEN,"HTTP Status Response - Unauthorized",,APPLICATION_ERROR,,
a83a9c33-d172-475d-94e4-328492002ce4,15e5a04d-1888-41c4-8338-949332f12b52,7f42c2b0-8ddb-4359-854d-122d3bd77865,AUTHORIZATION_SUBMITTED,"2021-06-03 07:47:51.592261",,,,,,
6c40995c-5822-4c2d-bcab-8e188045ce5c,e21fd7ae-0228-4041-9aaa-03af0da34d39,98502c7d-8162-474a-91e8-791e83262998,AUTHORIZATION_FAILED,"2021-06-03 07:47:51.595785",ADYEN,"HTTP Status Response - Unauthorized",,APPLICATION_ERROR,,
bf1c9223-eddc-4d8d-8e2e-aa8c99f1bfe5,15e5a04d-1888-41c4-8338-949332f12b52,7f42c2b0-8ddb-4359-854d-122d3bd77865,AUTHORIZATION_FAILED,"2021-06-03 07:47:51.609011",ADYEN,"HTTP Status Response - Unauthorized",,APPLICATION_ERROR,,
17618e6a-12e1-473d-b148-63e22a9bdc56,77e31f96-37b5-45e5-a27c-17331e56b819,7a01c19c-9dc4-48cd-8f3c-a5f5929393fc,,"2021-06-03 07:47:51.622815",,,,,,
7b85ab78-ed4f-480f-a7a2-6be3647cf553,77e31f96-37b5-45e5-a27c-17331e56b819,7a01c19c-9dc4-48cd-8f3c-a5f5929393fc,,"2021-06-03 07:47:51.63032",,,,,,
e63027b3-0760-4e47-800f-c0f59e5c0dc9,69706790-0b63-448b-b4a5-337692e526a8,67892e8b-5e68-4d76-a26a-ec43c8916b49,,"2021-06-03 07:47:51.634538",,,,,,
02353e21-2090-4ea6-9b1d-d99111e18f6d,77e31f96-37b5-45e5-a27c-17331e56b819,7a01c19c-9dc4-48cd-8f3c-a5f5929393fc,AUTHORIZATION_SUBMITTED,"2021-06-03 07:47:51.638555",,,,,,
3e7ac16e-54e6-4074-bd02-9f88aaf76073,69706790-0b63-448b-b4a5-337692e526a8,67892e8b-5e68-4d76-a26a-ec43c8916b49,,"2021-06-03 07:47:51.639031",,,,,,
1991209d-c066-450b-9ea4-9ac030feb2bc,69706790-0b63-448b-b4a5-337692e526a8,67892e8b-5e68-4d76-a26a-ec43c8916b49,AUTHORIZATION_SUBMITTED,"2021-06-03 07:47:51.645283",,,,,,
8c638fd5-0cc2-40e0-b83b-502734a8c806,77e31f96-37b5-45e5-a27c-17331e56b819,7a01c19c-9dc4-48cd-8f3c-a5f5929393fc,AUTHORIZATION_FAILED,"2021-06-03 07:47:51.653935",ADYEN,"HTTP Status Response - Unauthorized",,APPLICATION_ERROR,,
3d1fd5f4-1158-49a5-b96d-2bb2eeff4b1f,69706790-0b63-448b-b4a5-337692e526a8,67892e8b-5e68-4d76-a26a-ec43c8916b49,AUTHORIZATION_FAILED,"2021-06-03 07:47:51.657679",ADYEN,"HTTP Status Response - Unauthorized",,APPLICATION_ERROR,,
ae5b73b7-8972-434e-adb2-0e20b53e7546,2d7998c4-099e-4b7d-86d3-f64abf66b308,166f549b-66a4-42a1-8d4b-c6304e517682,,"2021-06-03 07:47:51.661926",,,,,,
0ddaaa7b-470e-4d24-9994-8f75f97e8e18,9696314c-c394-4c8f-8334-8c45be936dcd,290bc17b-9dd8-4f3f-b54c-eadd31ef4b96,,"2021-06-03 07:47:51.665525",,,,,,
caaa02c5-01db-4e04-aaa3-6bfde443d301,2d7998c4-099e-4b7d-86d3-f64abf66b308,166f549b-66a4-42a1-8d4b-c6304e517682,,"2021-06-03 07:47:51.668412",,,,,,
ef175f2e-cc40-4595-9add-5fec999aef81,2d7998c4-099e-4b7d-86d3-f64abf66b308,166f549b-66a4-42a1-8d4b-c6304e517682,AUTHORIZATION_SUBMITTED,"2021-06-03 07:47:51.674476",,,,,,
a7074af2-c78e-4a25-bf07-11b2d2348e5e,9696314c-c394-4c8f-8334-8c45be936dcd,290bc17b-9dd8-4f3f-b54c-eadd31ef4b96,,"2021-06-03 07:47:51.672667",,,,,,
eaaa05ed-73bb-4bd0-b12f-6edadc7d4d1e,e80df5b4-71d6-417a-bc9c-4a18fec0b8ac,db438910-25ae-4323-860d-f8eb8a919e9c,,"2021-06-03 07:47:51.679787",,,,,,
f868cbc7-685c-4ee7-b860-f54f79f26147,e80df5b4-71d6-417a-bc9c-4a18fec0b8ac,db438910-25ae-4323-860d-f8eb8a919e9c,,"2021-06-03 07:47:51.68968",,,,,,
29f36c3b-3e6c-4f00-8ee2-37eb130df326,c63be54f-93c2-4046-ba26-623f845a21ca,37e9b95f-ab9f-4414-b06c-846c1d35135e,,"2021-06-03 07:47:51.691497",,,,,,
ac2dbb24-f1ae-43f3-9f57-3ecf6ec6f1b0,2d7998c4-099e-4b7d-86d3-f64abf66b308,166f549b-66a4-42a1-8d4b-c6304e517682,AUTHORIZATION_FAILED,"2021-06-03 07:47:51.693032",ADYEN,"HTTP Status Response - Unauthorized",,APPLICATION_ERROR,,
60b87c0a-0a7f-460e-a0a0-0336f62c9b1b,c63be54f-93c2-4046-ba26-623f845a21ca,37e9b95f-ab9f-4414-b06c-846c1d35135e,,"2021-06-03 07:47:51.699895",,,,,,
2077d0d5-e5f2-4882-82bc-7110267cffde,9696314c-c394-4c8f-8334-8c45be936dcd,290bc17b-9dd8-4f3f-b54c-eadd31ef4b96,AUTHORIZATION_SUBMITTED,"2021-06-03 07:47:51.701602",,,,,,
70d30065-09ae-4b65-8c7a-cc6afb57122e,e80df5b4-71d6-417a-bc9c-4a18fec0b8ac,db438910-25ae-4323-860d-f8eb8a919e9c,AUTHORIZATION_SUBMITTED,"2021-06-03 07:47:51.707496",,,,,,
321af548-deb0-44f9-b3b5-d066b2a265ae,c63be54f-93c2-4046-ba26-623f845a21ca,37e9b95f-ab9f-4414-b06c-846c1d35135e,AUTHORIZATION_SUBMITTED,"2021-06-03 07:47:51.711523",,,,,,
85498421-5d11-4a62-af7f-029cb070344a,ee70d088-56bf-4b29-8f35-487e0bb395c3,0874c5c7-e05d-4c63-a57f-00669e6f5474,,"2021-06-03 07:47:51.718517",,,,,,
2006ba7e-6564-4c2b-89bc-b12f59e8f762,ee70d088-56bf-4b29-8f35-487e0bb395c3,0874c5c7-e05d-4c63-a57f-00669e6f5474,,"2021-06-03 07:47:51.722869",,,,,,
80231dcf-68fc-499f-919d-30f802b248b2,c63be54f-93c2-4046-ba26-623f845a21ca,37e9b95f-ab9f-4414-b06c-846c1d35135e,AUTHORIZATION_FAILED,"2021-06-03 07:47:51.727652",ADYEN,"HTTP Status Response - Unauthorized",,APPLICATION_ERROR,,
261e88ee-8488-40fc-a875-d3c328236fea,ee70d088-56bf-4b29-8f35-487e0bb395c3,0874c5c7-e05d-4c63-a57f-00669e6f5474,AUTHORIZATION_SUBMITTED,"2021-06-03 07:47:51.728801",,,,,,
04d064f2-7b95-4ac2-aa73-e44e4c55aa32,e80df5b4-71d6-417a-bc9c-4a18fec0b8ac,db438910-25ae-4323-860d-f8eb8a919e9c,AUTHORIZATION_FAILED,"2021-06-03 07:47:51.733832",ADYEN,"HTTP Status Response - Unauthorized",,APPLICATION_ERROR,,
0a577c8c-b23f-4958-8859-f68c0d5ab0bd,9112efe4-cd1b-4fe5-b4db-546903f687c4,a47ea0ca-e052-4de4-9d31-d790c24bff0f,,"2021-06-03 07:47:51.736873",,,,,,
0e8f7a37-676a-46b5-9b3e-4ace83b86bcd,9b82c362-86e4-46c5-a923-943f4ee4f94f,2fb9f2fd-f9be-463a-9ba4-3c04b6eba671,,"2021-06-03 07:47:51.739794",,,,,,
095965c3-09fc-4941-8534-8556dedc62da,ee70d088-56bf-4b29-8f35-487e0bb395c3,0874c5c7-e05d-4c63-a57f-00669e6f5474,AUTHORIZATION_FAILED,"2021-06-03 07:47:51.741217",ADYEN,"HTTP Status Response - Unauthorized",,APPLICATION_ERROR,,
033f9fb5-29d3-4cf0-8751-6760cee0e91e,9112efe4-cd1b-4fe5-b4db-546903f687c4,a47ea0ca-e052-4de4-9d31-d790c24bff0f,,"2021-06-03 07:47:51.741706",,,,,,
31389360-8b95-402c-8300-613ebeb6264d,9112efe4-cd1b-4fe5-b4db-546903f687c4,a47ea0ca-e052-4de4-9d31-d790c24bff0f,AUTHORIZATION_SUBMITTED,"2021-06-03 07:47:51.7483",,,,,,
579f4e3e-5600-4165-b433-bcd37feec28a,9b82c362-86e4-46c5-a923-943f4ee4f94f,2fb9f2fd-f9be-463a-9ba4-3c04b6eba671,,"2021-06-03 07:47:51.747954",,,,,,
984c88cf-0084-4c4f-b65f-c593e7fa858e,9b82c362-86e4-46c5-a923-943f4ee4f94f,2fb9f2fd-f9be-463a-9ba4-3c04b6eba671,AUTHORIZATION_SUBMITTED,"2021-06-03 07:47:51.757796",,,,,,
fef50539-116d-47b6-9839-4d5332d46387,9112efe4-cd1b-4fe5-b4db-546903f687c4,a47ea0ca-e052-4de4-9d31-d790c24bff0f,AUTHORIZATION_FAILED,"2021-06-03 07:47:51.762849",ADYEN,"HTTP Status Response - Unauthorized",,APPLICATION_ERROR,,
80a624aa-a259-4cc7-99eb-d41ff45b117b,9b82c362-86e4-46c5-a923-943f4ee4f94f,2fb9f2fd-f9be-463a-9ba4-3c04b6eba671,AUTHORIZATION_FAILED,"2021-06-03 07:47:51.772237",ADYEN,"HTTP Status Response - Unauthorized",,APPLICATION_ERROR,,
05a63796-2908-4439-bad6-450214f3046b,74b70260-6f3a-413a-b950-02b49b77351b,774c6d90-b354-4e91-a7e1-e271a8b9a7fa,,"2021-06-03 07:47:51.774028",,,,,,
529fe6bb-2db9-415c-96d3-b71f001767ea,74b70260-6f3a-413a-b950-02b49b77351b,774c6d90-b354-4e91-a7e1-e271a8b9a7fa,,"2021-06-03 07:47:51.781941",,,,,,
edc02332-4a0e-4a73-8a38-bfea72d90f01,13d69081-6bdb-4753-a056-09404a58d653,88f623f8-3b8d-4a14-b477-aecc4a729353,,"2021-06-03 07:47:51.783125",,,,,,
1eb721db-7355-4b8d-b6dc-5123334cbbec,74b70260-6f3a-413a-b950-02b49b77351b,774c6d90-b354-4e91-a7e1-e271a8b9a7fa,AUTHORIZATION_SUBMITTED,"2021-06-03 07:47:51.790472",,,,,,
9bb84e58-b686-4a13-b064-24d154c6ca73,3328e75d-0f85-4c2f-9e60-70ae3c25492b,48e32e27-225e-4acf-9d0e-ef5441bc0588,,"2021-06-03 07:47:51.804619",,,,,,
9a99baee-c4b9-4549-a0d3-8f291f35e277,316ff58f-1ac6-4079-ac8c-9b762bdbd6b4,d08c7bab-29d6-4763-a44a-5de840b0e2e3,,"2021-06-03 07:47:51.815573",,,,,,
43602353-0b2b-4fd9-a30c-4bd26d335919,74b70260-6f3a-413a-b950-02b49b77351b,774c6d90-b354-4e91-a7e1-e271a8b9a7fa,AUTHORIZATION_FAILED,"2021-06-03 07:47:51.815576",ADYEN,"HTTP Status Response - Unauthorized",,APPLICATION_ERROR,,
658917fb-2f02-425b-9869-8a3eede90d1c,3328e75d-0f85-4c2f-9e60-70ae3c25492b,48e32e27-225e-4acf-9d0e-ef5441bc0588,,"2021-06-03 07:47:51.818639",,,,,,
835fc246-4583-4bd4-aaa8-c8398acb72ba,f2174455-0b27-40f9-b958-015019b1c8ca,5a413bc6-74d1-4da4-9302-df934a4035c7,,"2021-06-03 07:47:51.82949",,,,,,
ff3a2b03-8f52-4c76-9e73-904c2c87355d,f2174455-0b27-40f9-b958-015019b1c8ca,5a413bc6-74d1-4da4-9302-df934a4035c7,,"2021-06-03 07:47:51.837254",,,,,,
70746bf5-2295-4b7b-95ae-04560f482849,f2174455-0b27-40f9-b958-015019b1c8ca,5a413bc6-74d1-4da4-9302-df934a4035c7,AUTHORIZATION_SUBMITTED,"2021-06-03 07:47:51.846228",,,,,,
464bbdd4-4384-4382-aaf3-d8e9efd84ea1,f2174455-0b27-40f9-b958-015019b1c8ca,5a413bc6-74d1-4da4-9302-df934a4035c7,AUTHORIZATION_FAILED,"2021-06-03 07:47:51.860435",ADYEN,"HTTP Status Response - Unauthorized",,APPLICATION_ERROR,,
0a4c68c0-4e23-49f7-9a9b-a56df960acd6,9696314c-c394-4c8f-8334-8c45be936dcd,290bc17b-9dd8-4f3f-b54c-eadd31ef4b96,AUTHORIZATION_FAILED,"2021-06-03 07:47:51.86674",ADYEN,"HTTP Status Response - Unauthorized",,APPLICATION_ERROR,,
f4fdea3e-e2a3-49dc-ac22-a66d4b64b050,13d69081-6bdb-4753-a056-09404a58d653,88f623f8-3b8d-4a14-b477-aecc4a729353,,"2021-06-03 07:47:51.869532",,,,,,
9000492f-39e0-4a4b-9c54-b094fd7aefc7,316ff58f-1ac6-4079-ac8c-9b762bdbd6b4,d08c7bab-29d6-4763-a44a-5de840b0e2e3,,"2021-06-03 07:47:51.881038",,,,,,
f80a78a6-2f63-418e-9e54-394dd089a818,1ca6a75e-8fe6-4599-961b-8082d689c4a3,3a0b5e02-69ee-45e3-a646-2ed6a17162fa,,"2021-06-03 07:47:51.883409",,,,,,
c51a5b8d-ecc7-4097-8c0b-595bc7984cde,292a41b3-235b-461c-a369-e8500bced2da,65fb3f61-2bca-4f1b-a89d-0f0b223a5a78,,"2021-06-03 07:47:51.886918",,,,,,
2a5c649e-9c39-499a-a099-6ec5730612db,f9213618-6f24-48a6-9552-e99fea4b93f3,ebefe45a-a8d7-4b8d-9b23-7545c0e33026,,"2021-06-03 07:47:51.888797",,,,,,
e31180be-f105-4545-ae92-15b0531daf27,316ff58f-1ac6-4079-ac8c-9b762bdbd6b4,d08c7bab-29d6-4763-a44a-5de840b0e2e3,AUTHORIZATION_SUBMITTED,"2021-06-03 07:47:51.891702",,,,,,
687e8a62-3a24-4f56-bc50-6cfcb286a985,3328e75d-0f85-4c2f-9e60-70ae3c25492b,48e32e27-225e-4acf-9d0e-ef5441bc0588,AUTHORIZATION_SUBMITTED,"2021-06-03 07:47:51.895306",,,,,,
584561e3-4ebe-4c11-ac81-3947e11a21a8,292a41b3-235b-461c-a369-e8500bced2da,65fb3f61-2bca-4f1b-a89d-0f0b223a5a78,,"2021-06-03 07:47:51.895341",,,,,,
1d5570e8-e219-4cd4-ae1a-3e6de7562713,1ca6a75e-8fe6-4599-961b-8082d689c4a3,3a0b5e02-69ee-45e3-a646-2ed6a17162fa,,"2021-06-03 07:47:51.898549",,,,,,
8c1573c8-65d3-4695-8a3c-e6a8969929fc,292a41b3-235b-461c-a369-e8500bced2da,65fb3f61-2bca-4f1b-a89d-0f0b223a5a78,AUTHORIZATION_SUBMITTED,"2021-06-03 07:47:51.90605",,,,,,
1a53a8e2-173d-4531-83b7-363991c2fe97,f9213618-6f24-48a6-9552-e99fea4b93f3,ebefe45a-a8d7-4b8d-9b23-7545c0e33026,,"2021-06-03 07:47:51.906556",,,,,,
e528fb28-e096-496e-aae7-9bd565da782d,316ff58f-1ac6-4079-ac8c-9b762bdbd6b4,d08c7bab-29d6-4763-a44a-5de840b0e2e3,AUTHORIZATION_FAILED,"2021-06-03 07:47:51.908903",ADYEN,"HTTP Status Response - Unauthorized",,APPLICATION_ERROR,,
8daaa168-9755-46ef-aaed-e3a18e3d0739,1a98e2fb-efcd-40e8-bd42-cda1056a4870,b689d38c-3924-45b9-a87e-e2548d5c84db,,"2021-06-03 07:47:51.911536",,,,,,
fdf99210-8570-42c9-b016-42c39723d8a8,1ca6a75e-8fe6-4599-961b-8082d689c4a3,3a0b5e02-69ee-45e3-a646-2ed6a17162fa,AUTHORIZATION_SUBMITTED,"2021-06-03 07:47:51.916685",,,,,,
949e1451-eb73-41f7-a87c-0c1e75d41235,3328e75d-0f85-4c2f-9e60-70ae3c25492b,48e32e27-225e-4acf-9d0e-ef5441bc0588,AUTHORIZATION_FAILED,"2021-06-03 07:47:51.91961",ADYEN,"HTTP Status Response - Unauthorized",,APPLICATION_ERROR,,
2e49d516-3860-4ad6-a43e-9205d63d39b1,1a98e2fb-efcd-40e8-bd42-cda1056a4870,b689d38c-3924-45b9-a87e-e2548d5c84db,,"2021-06-03 07:47:51.920048",,,,,,
fdb2ee6b-4ac1-4764-8fea-afe0999022f9,d5b144c8-2c92-479c-8fd7-d95ced7ccbc2,6f0d7407-e89c-4259-ab2f-c660731c06bb,,"2021-06-03 07:47:51.932523",,,,,,
c8fabdb4-fdc4-496e-ae4b-9eb3038c7cfe,292a41b3-235b-461c-a369-e8500bced2da,65fb3f61-2bca-4f1b-a89d-0f0b223a5a78,AUTHORIZATION_FAILED,"2021-06-03 07:47:51.932496",ADYEN,"HTTP Status Response - Unauthorized",,APPLICATION_ERROR,,
af3c532f-b3ac-4e9b-b151-6df4294f6a86,1a98e2fb-efcd-40e8-bd42-cda1056a4870,b689d38c-3924-45b9-a87e-e2548d5c84db,AUTHORIZATION_SUBMITTED,"2021-06-03 07:47:51.936315",,,,,,
3833f8fa-1a4e-4e2c-94ef-d00af3f1c17f,453c6923-d71f-4186-82a6-0899466bfcb2,45ade2cd-39cd-45ed-a791-e8d32eeac0b7,,"2021-06-03 07:47:51.936752",,,,,,
6c09f884-207a-46d4-a02f-e065702a3b6e,453c6923-d71f-4186-82a6-0899466bfcb2,45ade2cd-39cd-45ed-a791-e8d32eeac0b7,,"2021-06-03 07:47:51.943918",,,,,,
7f450a37-1827-4842-8b3e-a3a7316752ee,453c6923-d71f-4186-82a6-0899466bfcb2,45ade2cd-39cd-45ed-a791-e8d32eeac0b7,AUTHORIZATION_SUBMITTED,"2021-06-03 07:47:51.949913",,,,,,
c5ce2161-611b-4f67-a9d0-47a365dd8595,1a98e2fb-efcd-40e8-bd42-cda1056a4870,b689d38c-3924-45b9-a87e-e2548d5c84db,AUTHORIZATION_FAILED,"2021-06-03 07:47:51.952735",ADYEN,"HTTP Status Response - Unauthorized",,APPLICATION_ERROR,,
f504c0ff-81d1-499e-9c52-2bda48150933,453c6923-d71f-4186-82a6-0899466bfcb2,45ade2cd-39cd-45ed-a791-e8d32eeac0b7,AUTHORIZATION_FAILED,"2021-06-03 07:47:51.962186",ADYEN,"HTTP Status Response - Unauthorized",,APPLICATION_ERROR,,
db186cbc-81d1-46de-8f98-bfde187d0130,13d69081-6bdb-4753-a056-09404a58d653,88f623f8-3b8d-4a14-b477-aecc4a729353,AUTHORIZATION_SUBMITTED,"2021-06-03 07:47:51.96911",,,,,,
97dc4a2e-a450-4022-aaf7-7ca04871f505,d5b144c8-2c92-479c-8fd7-d95ced7ccbc2,6f0d7407-e89c-4259-ab2f-c660731c06bb,,"2021-06-03 07:47:51.989153",,,,,,
52198b17-36e3-4705-a40f-71aaa6a70068,1ca6a75e-8fe6-4599-961b-8082d689c4a3,3a0b5e02-69ee-45e3-a646-2ed6a17162fa,AUTHORIZATION_FAILED,"2021-06-03 07:47:51.992686",ADYEN,"HTTP Status Response - Unauthorized",,APPLICATION_ERROR,,
85e70d84-3368-4f8c-8b23-d287c17d6d90,d5b144c8-2c92-479c-8fd7-d95ced7ccbc2,6f0d7407-e89c-4259-ab2f-c660731c06bb,AUTHORIZATION_SUBMITTED,"2021-06-03 07:47:52.002782",,,,,,
19b81bf5-c64c-4527-88fb-dcf03f7c0ba7,f9213618-6f24-48a6-9552-e99fea4b93f3,ebefe45a-a8d7-4b8d-9b23-7545c0e33026,AUTHORIZATION_SUBMITTED,"2021-06-03 07:47:52.003243",,,,,,
0bfe69c4-4eec-4170-9212-79ae9c3889a1,364f3e86-ed12-4d1d-9472-3ce39843a419,43506de0-3025-4259-bf8c-0fb5679ce8d5,,"2021-06-03 07:47:52.004377",,,,,,
55b37628-10de-4854-9079-bb938eb842fb,f3cc760e-e74d-4825-8969-8b073974e317,a23d4a64-273e-4f84-9367-5ebaf594f6a6,,"2021-06-03 07:47:52.005208",,,,,,
a7ba166d-0599-4981-8687-90ffe4c72e6b,364f3e86-ed12-4d1d-9472-3ce39843a419,43506de0-3025-4259-bf8c-0fb5679ce8d5,,"2021-06-03 07:47:52.012638",,,,,,
ac778e70-807c-4d39-bd3d-6bacf0fe6e78,364f3e86-ed12-4d1d-9472-3ce39843a419,43506de0-3025-4259-bf8c-0fb5679ce8d5,AUTHORIZATION_SUBMITTED,"2021-06-03 07:47:52.020476",,,,,,
b05ff837-0b85-4fea-8e4b-e89424f9b800,f3cc760e-e74d-4825-8969-8b073974e317,a23d4a64-273e-4f84-9367-5ebaf594f6a6,,"2021-06-03 07:47:52.021853",,,,,,
158d8e78-7d0d-44fb-95a5-4f1446bd68ad,b25633a1-5a3a-4997-8c68-a5d78a0230b0,8a54d888-c2a9-4443-b9ff-f91e3caabf0a,,"2021-06-03 07:47:52.025968",,,,,,
22ef396e-fc41-4de3-be0a-8f6992010ec8,e8a9193d-4492-4d5d-8cd1-bbbe61df9f0f,a5b1d28a-6637-4de0-9fa7-0f681c24c5f0,,"2021-06-03 07:47:52.02929",,,,,,
4e26d14a-9d39-44a3-9e43-603dc8b5f382,364f3e86-ed12-4d1d-9472-3ce39843a419,43506de0-3025-4259-bf8c-0fb5679ce8d5,AUTHORIZATION_FAILED,"2021-06-03 07:47:52.034253",ADYEN,"HTTP Status Response - Unauthorized",,APPLICATION_ERROR,,
47bb00a8-f35b-4dd6-9185-ef6df04e1540,b25633a1-5a3a-4997-8c68-a5d78a0230b0,8a54d888-c2a9-4443-b9ff-f91e3caabf0a,,"2021-06-03 07:47:52.033599",,,,,,
a6e8715d-9163-48eb-b23d-d10f8bc8b1e9,e8a9193d-4492-4d5d-8cd1-bbbe61df9f0f,a5b1d28a-6637-4de0-9fa7-0f681c24c5f0,,"2021-06-03 07:47:52.035849",,,,,,
8be4cb72-6257-41de-b1d1-92a571df17a5,5321c5bc-6f8a-486e-958c-e9d9d821c74e,78bb48fd-e505-4aa5-b516-7e28ae8bd093,,"2021-06-03 07:47:52.040482",,,,,,
27be3a73-888a-4705-9586-bdd17c6c1eb1,b25633a1-5a3a-4997-8c68-a5d78a0230b0,8a54d888-c2a9-4443-b9ff-f91e3caabf0a,AUTHORIZATION_SUBMITTED,"2021-06-03 07:47:52.042644",,,,,,
ccbe9088-e1bc-48cd-94f1-cea7a22cffda,e8a9193d-4492-4d5d-8cd1-bbbe61df9f0f,a5b1d28a-6637-4de0-9fa7-0f681c24c5f0,AUTHORIZATION_SUBMITTED,"2021-06-03 07:47:52.043911",,,,,,
e75ba537-a0b1-4135-a344-f5cbd93f7461,5321c5bc-6f8a-486e-958c-e9d9d821c74e,78bb48fd-e505-4aa5-b516-7e28ae8bd093,,"2021-06-03 07:47:52.044944",,,,,,
bfdb7b45-66df-4591-b58b-deeead667791,0dcc5438-92f7-4a6b-a1be-e5753b93f1ba,682da4fc-d83f-4b9b-8711-23e06db560ad,,"2021-06-03 07:47:52.050176",,,,,,
2f5ab039-8b33-4ffd-86df-e4d1ff43cc0a,5321c5bc-6f8a-486e-958c-e9d9d821c74e,78bb48fd-e505-4aa5-b516-7e28ae8bd093,AUTHORIZATION_SUBMITTED,"2021-06-03 07:47:52.051094",,,,,,
e2a2b3cf-7205-4254-947f-bf6cf1ebf9d6,b25633a1-5a3a-4997-8c68-a5d78a0230b0,8a54d888-c2a9-4443-b9ff-f91e3caabf0a,AUTHORIZATION_FAILED,"2021-06-03 07:47:52.057691",ADYEN,"HTTP Status Response - Unauthorized",,APPLICATION_ERROR,,
44925e7c-de6a-4b78-8f6e-7f3c2d65a0e6,0dcc5438-92f7-4a6b-a1be-e5753b93f1ba,682da4fc-d83f-4b9b-8711-23e06db560ad,,"2021-06-03 07:47:52.057752",,,,,,
6e1cbc15-55fb-4182-96d8-47185b0dc754,e8a9193d-4492-4d5d-8cd1-bbbe61df9f0f,a5b1d28a-6637-4de0-9fa7-0f681c24c5f0,AUTHORIZATION_FAILED,"2021-06-03 07:47:52.059472",ADYEN,"HTTP Status Response - Unauthorized",,APPLICATION_ERROR,,
25d81973-3b7f-476c-86e1-eb256a6c212c,5321c5bc-6f8a-486e-958c-e9d9d821c74e,78bb48fd-e505-4aa5-b516-7e28ae8bd093,AUTHORIZATION_FAILED,"2021-06-03 07:47:52.063458",ADYEN,"HTTP Status Response - Unauthorized",,APPLICATION_ERROR,,
e90ecc92-a927-4332-a14b-dbef55344d8d,0dcc5438-92f7-4a6b-a1be-e5753b93f1ba,682da4fc-d83f-4b9b-8711-23e06db560ad,AUTHORIZATION_SUBMITTED,"2021-06-03 07:47:52.067779",,,,,,
d820dcc2-91c8-478d-be67-28b88db2cef7,13d69081-6bdb-4753-a056-09404a58d653,88f623f8-3b8d-4a14-b477-aecc4a729353,AUTHORIZATION_FAILED,"2021-06-03 07:47:52.068544",ADYEN,"HTTP Status Response - Unauthorized",,APPLICATION_ERROR,,
13555dd1-3110-4752-a71b-80fa89a2d87c,8db8788d-80a4-45a8-b7cc-655a317f151a,87ea9bc0-4957-426e-8b3e-a32a79ecfdfa,,"2021-06-03 07:47:52.07473",,,,,,
06517576-01ba-42f8-a1a4-1ab2b859cb00,0dcc5438-92f7-4a6b-a1be-e5753b93f1ba,682da4fc-d83f-4b9b-8711-23e06db560ad,AUTHORIZATION_FAILED,"2021-06-03 07:47:52.082217",ADYEN,"HTTP Status Response - Unauthorized",,APPLICATION_ERROR,,
ee26f46f-448e-4e93-97b0-9c3c1d8ad61d,d5b144c8-2c92-479c-8fd7-d95ced7ccbc2,6f0d7407-e89c-4259-ab2f-c660731c06bb,AUTHORIZATION_FAILED,"2021-06-03 07:47:52.089099",ADYEN,"HTTP Status Response - Unauthorized",,APPLICATION_ERROR,,
5e4aaa74-6e04-4832-9275-59873d6f29ef,f3cc760e-e74d-4825-8969-8b073974e317,a23d4a64-273e-4f84-9367-5ebaf594f6a6,AUTHORIZATION_SUBMITTED,"2021-06-03 07:47:52.098305",,,,,,
f1af2163-76c4-47ea-979a-8302f5064986,1dfbecc9-5715-431f-a8de-ec1821155c63,c4ce047f-e099-46dc-8f42-4833632f64fc,AUTHORIZATION_FAILED,"2021-06-03 07:47:52.100677",ADYEN,"HTTP Status Response - Unauthorized",,APPLICATION_ERROR,,
cca670a6-2c20-4d36-a4c5-2e75307913bd,f9213618-6f24-48a6-9552-e99fea4b93f3,ebefe45a-a8d7-4b8d-9b23-7545c0e33026,AUTHORIZATION_FAILED,"2021-06-03 07:47:52.103858",ADYEN,"HTTP Status Response - Unauthorized",,APPLICATION_ERROR,,
4cb83c4f-fc80-45e2-a8d6-0c3daa500327,4f86472e-b510-4950-85d0-8f46eebc4d67,5ad97b5d-5377-4c00-9219-02dc278650a9,,"2021-06-03 07:47:52.143569",,,,,,
10493abd-ddb9-42a1-b78a-0c7b59f87584,4f86472e-b510-4950-85d0-8f46eebc4d67,5ad97b5d-5377-4c00-9219-02dc278650a9,,"2021-06-03 07:47:52.149603",,,,,,
343c435a-1648-432a-9113-f5fbea569af5,4f86472e-b510-4950-85d0-8f46eebc4d67,5ad97b5d-5377-4c00-9219-02dc278650a9,AUTHORIZATION_SUBMITTED,"2021-06-03 07:47:52.15549",,,,,,
57c7e64b-51e7-41fe-899c-4c104e76ae68,4f86472e-b510-4950-85d0-8f46eebc4d67,5ad97b5d-5377-4c00-9219-02dc278650a9,AUTHORIZATION_FAILED,"2021-06-03 07:47:52.16815",ADYEN,"HTTP Status Response - Unauthorized",,APPLICATION_ERROR,,
1081b1c6-c7d8-45ee-8a53-a2d685118e6c,8db8788d-80a4-45a8-b7cc-655a317f151a,87ea9bc0-4957-426e-8b3e-a32a79ecfdfa,,"2021-06-03 07:47:52.176114",,,,,,
ec3f5888-a474-49aa-89d8-251b975f9d71,440552f9-18f7-4ef5-a9e7-d23dcea7f93e,8197dda0-41b0-48b5-a5af-b8ae80b6e744,,"2021-06-03 07:47:52.180922",,,,,,
ae6291f3-6afb-4e58-8f68-1b0fc7cc19dc,00d6f3d0-10ab-499b-aded-983bb51d3cb0,90b7865e-2a93-4a58-b0a3-62197f57b997,,"2021-06-03 07:47:52.183244",,,,,,
21ebecf5-af5e-4e79-a37b-7d4589c10199,440552f9-18f7-4ef5-a9e7-d23dcea7f93e,8197dda0-41b0-48b5-a5af-b8ae80b6e744,,"2021-06-03 07:47:52.188062",,,,,,
1349a99d-d33b-4c50-b55d-d024ece4539b,00d6f3d0-10ab-499b-aded-983bb51d3cb0,90b7865e-2a93-4a58-b0a3-62197f57b997,,"2021-06-03 07:47:52.192846",,,,,,
7024f6bf-8f91-4345-a7e0-6f988de43629,440552f9-18f7-4ef5-a9e7-d23dcea7f93e,8197dda0-41b0-48b5-a5af-b8ae80b6e744,AUTHORIZATION_SUBMITTED,"2021-06-03 07:47:52.196609",,,,,,
70a6e687-1191-44a8-92ff-45dd99e34032,00d6f3d0-10ab-499b-aded-983bb51d3cb0,90b7865e-2a93-4a58-b0a3-62197f57b997,AUTHORIZATION_SUBMITTED,"2021-06-03 07:47:52.202387",,,,,,
a0069dd3-d708-4411-a62f-5d5a7984e5f1,413b3a31-b1dc-4307-a30b-573d40acd958,06096cb7-c84f-461e-b435-f1dee0584523,,"2021-06-03 07:47:52.202594",,,,,,
9978e22c-2072-484e-9eac-afba00700438,f3cc760e-e74d-4825-8969-8b073974e317,a23d4a64-273e-4f84-9367-5ebaf594f6a6,AUTHORIZATION_FAILED,"2021-06-03 07:47:52.20465",ADYEN,"HTTP Status Response - Unauthorized",,APPLICATION_ERROR,,
0e86bc8b-9508-4c3a-9b8f-ed32ed198efd,413b3a31-b1dc-4307-a30b-573d40acd958,06096cb7-c84f-461e-b435-f1dee0584523,,"2021-06-03 07:47:52.208408",,,,,,
6b70f09a-c347-4065-805e-701d73353737,440552f9-18f7-4ef5-a9e7-d23dcea7f93e,8197dda0-41b0-48b5-a5af-b8ae80b6e744,AUTHORIZATION_FAILED,"2021-06-03 07:47:52.210547",ADYEN,"HTTP Status Response - Unauthorized",,APPLICATION_ERROR,,
3ebfa4b2-3e09-44f3-a5b6-a8583ede0469,413b3a31-b1dc-4307-a30b-573d40acd958,06096cb7-c84f-461e-b435-f1dee0584523,AUTHORIZATION_SUBMITTED,"2021-06-03 07:47:52.215699",,,,,,
20be1ace-c881-4160-8e07-9953bb386f23,00d6f3d0-10ab-499b-aded-983bb51d3cb0,90b7865e-2a93-4a58-b0a3-62197f57b997,AUTHORIZATION_FAILED,"2021-06-03 07:47:52.221874",ADYEN,"HTTP Status Response - Unauthorized",,APPLICATION_ERROR,,
7ae4cce3-ae32-42db-8b9c-7d8e070b6295,413b3a31-b1dc-4307-a30b-573d40acd958,06096cb7-c84f-461e-b435-f1dee0584523,AUTHORIZATION_FAILED,"2021-06-03 07:47:52.228973",ADYEN,"HTTP Status Response - Unauthorized",,APPLICATION_ERROR,,
ff5a8d5c-2c6a-4eee-97e1-1ad31a131a4b,7a3a9583-a417-4a46-a427-3e11f67d5fe6,738de7e4-6506-4aa9-9403-7e0f5ebf17ac,,"2021-06-03 07:47:52.239992",,,,,,
71880bcb-1713-48c3-a425-b1f94a8213af,7a3a9583-a417-4a46-a427-3e11f67d5fe6,738de7e4-6506-4aa9-9403-7e0f5ebf17ac,,"2021-06-03 07:47:52.252081",,,,,,
41dbba05-9843-42a8-af28-17ec0b6db3fb,7a3a9583-a417-4a46-a427-3e11f67d5fe6,738de7e4-6506-4aa9-9403-7e0f5ebf17ac,AUTHORIZATION_SUBMITTED,"2021-06-03 07:47:52.259866",,,,,,
45775f16-87eb-4ad2-a8e2-e14bf96a00d9,8db8788d-80a4-45a8-b7cc-655a317f151a,87ea9bc0-4957-426e-8b3e-a32a79ecfdfa,AUTHORIZATION_SUBMITTED,"2021-06-03 07:47:52.265255",,,,,,
3c843f71-0f72-4c7d-b8c0-204a5d12a148,18b12db3-f9fd-48ef-a466-f769346dff54,d4d33a51-1c23-4346-a1f5-ce59ee4d13f3,,"2021-06-03 07:47:52.285292",,,,,,
f82e0390-1a2f-4c50-a3b5-7be7698a5653,18b12db3-f9fd-48ef-a466-f769346dff54,d4d33a51-1c23-4346-a1f5-ce59ee4d13f3,,"2021-06-03 07:47:52.296823",,,,,,
46041aaf-f58b-42d2-8112-b71c5d5a718a,0d254cd6-3adc-4968-981f-b525b642e3ed,b4f7eca6-784e-4ec6-8310-1d0e8a79eafd,,"2021-06-03 07:47:52.305564",,,,,,
b0f0aeec-3ee0-4101-b550-d47dbd1ccc4f,18b12db3-f9fd-48ef-a466-f769346dff54,d4d33a51-1c23-4346-a1f5-ce59ee4d13f3,AUTHORIZATION_SUBMITTED,"2021-06-03 07:47:52.307061",,,,,,
f42d1f37-7f02-43a5-9165-b3612ae7346c,0d254cd6-3adc-4968-981f-b525b642e3ed,b4f7eca6-784e-4ec6-8310-1d0e8a79eafd,,"2021-06-03 07:47:52.315209",,,,,,
1d632344-1287-40ed-88fa-ff4ab0172baa,2399eb61-9e26-4fed-993e-e71e0ab06428,6367004c-93dc-4b3b-a780-766ad39ea870,,"2021-06-03 07:47:52.321568",,,,,,
87e255b5-4920-402b-96cd-7ed3c9683631,0d254cd6-3adc-4968-981f-b525b642e3ed,b4f7eca6-784e-4ec6-8310-1d0e8a79eafd,AUTHORIZATION_SUBMITTED,"2021-06-03 07:47:52.324565",,,,,,
df578b0b-5dc8-4460-adac-44262ff235c5,18b12db3-f9fd-48ef-a466-f769346dff54,d4d33a51-1c23-4346-a1f5-ce59ee4d13f3,AUTHORIZATION_FAILED,"2021-06-03 07:47:52.326716",ADYEN,"HTTP Status Response - Unauthorized",,APPLICATION_ERROR,,
c1112227-f1df-490f-b0fd-fe6f7d42a2e5,2399eb61-9e26-4fed-993e-e71e0ab06428,6367004c-93dc-4b3b-a780-766ad39ea870,,"2021-06-03 07:47:52.330305",,,,,,
9fbc0bb6-6015-41ac-958d-1ff296df81b6,2399eb61-9e26-4fed-993e-e71e0ab06428,6367004c-93dc-4b3b-a780-766ad39ea870,AUTHORIZATION_SUBMITTED,"2021-06-03 07:47:52.340284",,,,,,
e07e6da9-5d19-43e7-85a3-3cc75ecb93d4,0d254cd6-3adc-4968-981f-b525b642e3ed,b4f7eca6-784e-4ec6-8310-1d0e8a79eafd,AUTHORIZATION_FAILED,"2021-06-03 07:47:52.340886",ADYEN,"HTTP Status Response - Unauthorized",,APPLICATION_ERROR,,
c9768986-1006-4cbb-b2e2-e07fe63bca17,7a3a9583-a417-4a46-a427-3e11f67d5fe6,738de7e4-6506-4aa9-9403-7e0f5ebf17ac,AUTHORIZATION_FAILED,"2021-06-03 07:47:52.349014",ADYEN,"HTTP Status Response - Unauthorized",,APPLICATION_ERROR,,
70a46861-4895-4070-915e-928437cc23f9,2399eb61-9e26-4fed-993e-e71e0ab06428,6367004c-93dc-4b3b-a780-766ad39ea870,AUTHORIZATION_FAILED,"2021-06-03 07:47:52.35814",ADYEN,"HTTP Status Response - Unauthorized",,APPLICATION_ERROR,,
d36fcebb-b574-44ff-9152-706dbfcbabe4,8db8788d-80a4-45a8-b7cc-655a317f151a,87ea9bc0-4957-426e-8b3e-a32a79ecfdfa,AUTHORIZATION_FAILED,"2021-06-03 07:47:52.368405",ADYEN,"HTTP Status Response - Unauthorized",,APPLICATION_ERROR,,
35ae308c-f3a1-4cde-b69d-e96d1fd20d2e,00905b9e-8b00-447b-8db6-febb47cdf658,791147dc-b3eb-433b-a8b1-23ce7d66de8e,,"2021-06-03 07:47:52.401617",,,,,,
73ea1894-bfb2-48c4-a7c9-b7baa5f11edc,aedba42f-3c50-48d4-9fe6-178244c0a516,8222424a-6b49-44fe-acc9-20399bbb3ad9,,"2021-06-03 07:47:52.431946",,,,,,
5466180c-85ff-46ab-bd41-f8966ee41c9d,a39741d0-50d3-4022-96b3-20d858aaa522,8a5891fe-fe8d-406c-a3c8-d4cd4f679cfd,,"2021-06-03 07:47:52.432792",,,,,,
885abeb1-f481-4c4f-8dd6-ae86e302c5f2,aedba42f-3c50-48d4-9fe6-178244c0a516,8222424a-6b49-44fe-acc9-20399bbb3ad9,,"2021-06-03 07:47:52.436562",,,,,,
b649133b-4dd8-40d7-831d-a2e7a8df4093,a39741d0-50d3-4022-96b3-20d858aaa522,8a5891fe-fe8d-406c-a3c8-d4cd4f679cfd,,"2021-06-03 07:47:52.437449",,,,,,
d94432b2-f722-455a-8ed9-53edb2bb3f18,aedba42f-3c50-48d4-9fe6-178244c0a516,8222424a-6b49-44fe-acc9-20399bbb3ad9,AUTHORIZATION_SUBMITTED,"2021-06-03 07:47:52.442218",,,,,,
05bc055a-1245-44e2-b786-74137d98627d,a39741d0-50d3-4022-96b3-20d858aaa522,8a5891fe-fe8d-406c-a3c8-d4cd4f679cfd,AUTHORIZATION_SUBMITTED,"2021-06-03 07:47:52.444359",,,,,,
b29bee3f-342d-498b-9161-33070ee1750a,aedba42f-3c50-48d4-9fe6-178244c0a516,8222424a-6b49-44fe-acc9-20399bbb3ad9,AUTHORIZATION_FAILED,"2021-06-03 07:47:52.456954",ADYEN,"HTTP Status Response - Unauthorized",,APPLICATION_ERROR,,
0c195984-bbbe-4d10-ac13-5ce8ced3445c,a39741d0-50d3-4022-96b3-20d858aaa522,8a5891fe-fe8d-406c-a3c8-d4cd4f679cfd,AUTHORIZATION_FAILED,"2021-06-03 07:47:52.457179",ADYEN,"HTTP Status Response - Unauthorized",,APPLICATION_ERROR,,
c3f2e10e-13c1-45ca-994b-a1a1e231c84f,00905b9e-8b00-447b-8db6-febb47cdf658,791147dc-b3eb-433b-a8b1-23ce7d66de8e,,"2021-06-03 07:47:52.477557",,,,,,
36321c0e-3c88-4481-8847-90c44fd8a643,8a6f7ec2-e0c0-4317-bbc5-ab9e13716d0b,55d19f2f-31b7-44c5-9f62-d54b1a3f5a99,,"2021-06-03 07:47:52.481387",,,,,,
1ae3eb48-62e0-454d-abb5-b54d58679a5b,f684ed20-5108-4aef-a1ad-344152da9b94,b4540d04-69b4-49e7-9e49-d01f0dc6df2f,,"2021-06-03 07:47:52.481662",,,,,,
b118c83c-f4ad-4dec-8c10-b4561667b54e,8a6f7ec2-e0c0-4317-bbc5-ab9e13716d0b,55d19f2f-31b7-44c5-9f62-d54b1a3f5a99,,"2021-06-03 07:47:52.489448",,,,,,
3c24ee6d-b28d-4fcd-81dd-f2fc2d9f29d9,f684ed20-5108-4aef-a1ad-344152da9b94,b4540d04-69b4-49e7-9e49-d01f0dc6df2f,,"2021-06-03 07:47:52.489902",,,,,,
313e6287-eaaf-419c-a832-75f3ec08102c,00905b9e-8b00-447b-8db6-febb47cdf658,791147dc-b3eb-433b-a8b1-23ce7d66de8e,AUTHORIZATION_SUBMITTED,"2021-06-03 07:47:52.497483",,,,,,
7056e037-5d82-4e05-a621-f7a72d1a5116,8a6f7ec2-e0c0-4317-bbc5-ab9e13716d0b,55d19f2f-31b7-44c5-9f62-d54b1a3f5a99,AUTHORIZATION_SUBMITTED,"2021-06-03 07:47:52.498896",,,,,,
8e029403-9462-4a35-b0a9-c9d71974f197,f684ed20-5108-4aef-a1ad-344152da9b94,b4540d04-69b4-49e7-9e49-d01f0dc6df2f,AUTHORIZATION_SUBMITTED,"2021-06-03 07:47:52.500247",,,,,,
8b5aab95-777f-4ba7-8735-98f1672b7689,8a6f7ec2-e0c0-4317-bbc5-ab9e13716d0b,55d19f2f-31b7-44c5-9f62-d54b1a3f5a99,AUTHORIZATION_FAILED,"2021-06-03 07:47:52.516475",ADYEN,"HTTP Status Response - Unauthorized",,APPLICATION_ERROR,,
df3830f6-0954-4f10-a0cf-2ded33e031a5,f684ed20-5108-4aef-a1ad-344152da9b94,b4540d04-69b4-49e7-9e49-d01f0dc6df2f,AUTHORIZATION_FAILED,"2021-06-03 07:47:52.51791",ADYEN,"HTTP Status Response - Unauthorized",,APPLICATION_ERROR,,
de24ca6f-f16f-413a-a5d9-7299f544fa2b,00905b9e-8b00-447b-8db6-febb47cdf658,791147dc-b3eb-433b-a8b1-23ce7d66de8e,AUTHORIZATION_FAILED,"2021-06-03 07:47:52.524011",ADYEN,"HTTP Status Response - Unauthorized",,APPLICATION_ERROR,,
9cee1d4b-0c53-42b7-b5ba-038c7f20300a,94fdfb46-3350-412b-b35a-6ffa9801886b,72980035-1e63-4583-9d33-86f6bcb9db66,,"2021-06-03 07:47:52.524437",,,,,,
4d712798-29c0-435c-b3ce-a8f3f288bd15,94fdfb46-3350-412b-b35a-6ffa9801886b,72980035-1e63-4583-9d33-86f6bcb9db66,,"2021-06-03 07:47:52.530203",,,,,,
3eb87b03-ed64-4f39-a738-406ca874a79f,94fdfb46-3350-412b-b35a-6ffa9801886b,72980035-1e63-4583-9d33-86f6bcb9db66,AUTHORIZATION_SUBMITTED,"2021-06-03 07:47:52.537059",,,,,,
892ad7d0-9685-4f74-9667-c779ba8aad45,3f4db872-74ee-44ac-a19e-fd945f114bcd,a7eadf0c-eff9-41f0-8b44-0738c9676eaa,,"2021-06-03 07:47:52.542215",,,,,,
d47db03f-3ad8-4c74-802d-402714a88ce1,94fdfb46-3350-412b-b35a-6ffa9801886b,72980035-1e63-4583-9d33-86f6bcb9db66,AUTHORIZATION_FAILED,"2021-06-03 07:47:52.550103",ADYEN,"HTTP Status Response - Unauthorized",,APPLICATION_ERROR,,
d323a5f7-057c-442d-ba4b-dee1c713bdbc,3f4db872-74ee-44ac-a19e-fd945f114bcd,a7eadf0c-eff9-41f0-8b44-0738c9676eaa,,"2021-06-03 07:47:52.55043",,,,,,
bbf903f5-0ed9-4da4-a5a5-1795cc188bba,3f4db872-74ee-44ac-a19e-fd945f114bcd,a7eadf0c-eff9-41f0-8b44-0738c9676eaa,AUTHORIZATION_SUBMITTED,"2021-06-03 07:47:52.578935",,,,,,
59ae1dcf-2b1c-485f-a0b0-e99ae26f9ebd,b72a2c2e-178f-4e01-b440-986dd9cbd846,ad86b053-1c5e-4f72-9025-5e58473fddb4,,"2021-06-03 07:47:52.584607",,,,,,
0cb3e243-5d72-4052-85bd-f8e968b0d012,b72a2c2e-178f-4e01-b440-986dd9cbd846,ad86b053-1c5e-4f72-9025-5e58473fddb4,,"2021-06-03 07:47:52.593787",,,,,,
42f1fed1-e4b9-4f8c-87f0-9bbfbd9a4b60,3f4db872-74ee-44ac-a19e-fd945f114bcd,a7eadf0c-eff9-41f0-8b44-0738c9676eaa,AUTHORIZATION_FAILED,"2021-06-03 07:47:52.602591",ADYEN,"HTTP Status Response - Unauthorized",,APPLICATION_ERROR,,
a6dd8202-de37-4483-bc0c-63bf7c7d1fa8,b72a2c2e-178f-4e01-b440-986dd9cbd846,ad86b053-1c5e-4f72-9025-5e58473fddb4,AUTHORIZATION_SUBMITTED,"2021-06-03 07:47:52.602864",,,,,,
8474ed46-9b1f-4424-9e13-ca041ffcde40,b72a2c2e-178f-4e01-b440-986dd9cbd846,ad86b053-1c5e-4f72-9025-5e58473fddb4,AUTHORIZATION_FAILED,"2021-06-03 07:47:52.6182",ADYEN,"HTTP Status Response - Unauthorized",,APPLICATION_ERROR,,
f50ffbb4-ddd9-40de-ade4-1e83ad8bfb6b,0727fa87-5528-4b50-ad4d-2cd91662ce40,55814592-bdcc-41df-812d-b30a31012357,,"2021-06-03 07:47:52.6195",,,,,,
c92badc0-98be-4a51-9312-0a94645adc20,cefe8010-5593-40ab-93e6-0623b3d768ea,d10ab211-cf32-4043-acc5-99cf54d9adc0,,"2021-06-03 07:47:52.623734",,,,,,
4ac0c316-e67b-4e38-96fc-b24964d336a4,0727fa87-5528-4b50-ad4d-2cd91662ce40,55814592-bdcc-41df-812d-b30a31012357,,"2021-06-03 07:47:52.626828",,,,,,
1c09e6c3-1930-4401-a671-5bbc370f05d2,cefe8010-5593-40ab-93e6-0623b3d768ea,d10ab211-cf32-4043-acc5-99cf54d9adc0,,"2021-06-03 07:47:52.631525",,,,,,
9ace67b4-0608-4a89-8c87-515cbc659b05,0727fa87-5528-4b50-ad4d-2cd91662ce40,55814592-bdcc-41df-812d-b30a31012357,AUTHORIZATION_SUBMITTED,"2021-06-03 07:47:52.635405",,,,,,
6e54efd7-a3a8-4188-8c17-8d2475ad1c07,cefe8010-5593-40ab-93e6-0623b3d768ea,d10ab211-cf32-4043-acc5-99cf54d9adc0,AUTHORIZATION_SUBMITTED,"2021-06-03 07:47:52.6401",,,,,,
5ff5e974-1222-4ff9-86cc-fe4b2cef3d28,601eea9e-6474-4e31-abf6-a86dacf5dae2,4833bd5b-a66e-453a-83c2-284fb95dc813,,"2021-06-03 07:47:52.64701",,,,,,
aa6b429f-d664-4251-979f-8b9ad58e3873,0727fa87-5528-4b50-ad4d-2cd91662ce40,55814592-bdcc-41df-812d-b30a31012357,AUTHORIZATION_FAILED,"2021-06-03 07:47:52.650214",ADYEN,"HTTP Status Response - Unauthorized",,APPLICATION_ERROR,,
39c37d6d-c90f-410c-a102-15d32bbd8fc8,601eea9e-6474-4e31-abf6-a86dacf5dae2,4833bd5b-a66e-453a-83c2-284fb95dc813,,"2021-06-03 07:47:52.652515",,,,,,
d7a9ad63-4747-4bb9-8917-ef21ab847e63,cefe8010-5593-40ab-93e6-0623b3d768ea,d10ab211-cf32-4043-acc5-99cf54d9adc0,AUTHORIZATION_FAILED,"2021-06-03 07:47:52.66109",ADYEN,"HTTP Status Response - Unauthorized",,APPLICATION_ERROR,,
fdebfbf6-26f7-4d89-9a14-e75c75a8e00c,601eea9e-6474-4e31-abf6-a86dacf5dae2,4833bd5b-a66e-453a-83c2-284fb95dc813,AUTHORIZATION_SUBMITTED,"2021-06-03 07:47:52.663006",,,,,,
9b3e0b18-4e69-42b1-8c3a-d071af3d03e6,915cb0a5-19d3-460b-ad41-5c6ff57c225d,974ca19a-cf5a-4ee5-8737-4487155f93b1,,"2021-06-03 07:47:52.672964",,,,,,
b08c587f-d599-4f95-9941-1c83f346c274,601eea9e-6474-4e31-abf6-a86dacf5dae2,4833bd5b-a66e-453a-83c2-284fb95dc813,AUTHORIZATION_FAILED,"2021-06-03 07:47:52.678005",ADYEN,"HTTP Status Response - Unauthorized",,APPLICATION_ERROR,,
dc523a6f-7fef-49de-871c-ff90d739d8ed,915cb0a5-19d3-460b-ad41-5c6ff57c225d,974ca19a-cf5a-4ee5-8737-4487155f93b1,,"2021-06-03 07:47:52.680095",,,,,,
6fa67632-5672-42f4-b502-17ee7aa5d3b6,223c3593-5e4d-46b3-854e-d125dcb22a53,e9f47e79-f655-4f92-b31c-3bf317ceb8d2,,"2021-06-03 07:47:52.685216",,,,,,
444fafea-3614-4375-8f11-4f921a3dd087,2ba6b6bb-a314-4534-9caa-03b9606ca8bd,dbdd656a-e026-4d24-aee0-efe3c5f83731,,"2021-06-03 07:47:52.687319",,,,,,
f92c9ccd-cf15-4198-8997-d87d8c6ee787,915cb0a5-19d3-460b-ad41-5c6ff57c225d,974ca19a-cf5a-4ee5-8737-4487155f93b1,AUTHORIZATION_SUBMITTED,"2021-06-03 07:47:52.68891",,,,,,
5a3ea3d3-a513-4e65-bb40-0a5e3e1b6a59,223c3593-5e4d-46b3-854e-d125dcb22a53,e9f47e79-f655-4f92-b31c-3bf317ceb8d2,,"2021-06-03 07:47:52.69139",,,,,,
ebde3d83-1195-4e6f-843d-4f506c9edad5,223c3593-5e4d-46b3-854e-d125dcb22a53,e9f47e79-f655-4f92-b31c-3bf317ceb8d2,AUTHORIZATION_SUBMITTED,"2021-06-03 07:47:52.697851",,,,,,
c98d44ab-d6e9-4e79-8ea8-eaf37ff745b1,2ba6b6bb-a314-4534-9caa-03b9606ca8bd,dbdd656a-e026-4d24-aee0-efe3c5f83731,,"2021-06-03 07:47:52.696751",,,,,,
d146d09e-b016-4f02-bc96-1f35375e03ee,2ba6b6bb-a314-4534-9caa-03b9606ca8bd,dbdd656a-e026-4d24-aee0-efe3c5f83731,AUTHORIZATION_SUBMITTED,"2021-06-03 07:47:52.7056",,,,,,
ec943039-83ea-47a6-981e-1fb5f5ad34cc,915cb0a5-19d3-460b-ad41-5c6ff57c225d,974ca19a-cf5a-4ee5-8737-4487155f93b1,AUTHORIZATION_FAILED,"2021-06-03 07:47:52.706133",ADYEN,"HTTP Status Response - Unauthorized",,APPLICATION_ERROR,,
8be50538-c74b-4f69-9327-6ccc3c668923,223c3593-5e4d-46b3-854e-d125dcb22a53,e9f47e79-f655-4f92-b31c-3bf317ceb8d2,AUTHORIZATION_FAILED,"2021-06-03 07:47:52.712213",ADYEN,"HTTP Status Response - Unauthorized",,APPLICATION_ERROR,,
9ca1c76d-4044-4eb5-9f02-538c629c5b58,2ba6b6bb-a314-4534-9caa-03b9606ca8bd,dbdd656a-e026-4d24-aee0-efe3c5f83731,AUTHORIZATION_FAILED,"2021-06-03 07:47:52.726715",ADYEN,"HTTP Status Response - Unauthorized",,APPLICATION_ERROR,,
3e36756a-9eed-40d5-8ac9-062504f1981d,4fcb6a79-3e82-4ebb-b342-379ebcbb3880,1170f3f7-83ea-45e5-9c7c-4160631e7ef8,,"2021-06-03 07:47:52.735954",,,,,,
81dffb08-d401-452f-a02b-51a42823024a,4fcb6a79-3e82-4ebb-b342-379ebcbb3880,1170f3f7-83ea-45e5-9c7c-4160631e7ef8,,"2021-06-03 07:47:52.745705",,,,,,
65376de1-5c5d-4be1-ae2e-4c199ada0db2,4fcb6a79-3e82-4ebb-b342-379ebcbb3880,1170f3f7-83ea-45e5-9c7c-4160631e7ef8,AUTHORIZATION_SUBMITTED,"2021-06-03 07:47:52.755039",,,,,,
7bf26daf-4ea6-4f51-8105-bca006be8fbd,444b8d23-d48e-471e-8b9b-7072bd265bbb,5defdf15-614e-43ed-a91c-0930e1ad0fbf,,"2021-06-03 07:47:52.765987",,,,,,
11734399-9874-4a56-b08e-bd03c9b67ab7,444b8d23-d48e-471e-8b9b-7072bd265bbb,5defdf15-614e-43ed-a91c-0930e1ad0fbf,,"2021-06-03 07:47:52.771182",,,,,,
f694b052-b064-447f-a906-c9a765f92494,4fcb6a79-3e82-4ebb-b342-379ebcbb3880,1170f3f7-83ea-45e5-9c7c-4160631e7ef8,AUTHORIZATION_FAILED,"2021-06-03 07:47:52.772474",ADYEN,"HTTP Status Response - Unauthorized",,APPLICATION_ERROR,,
4283dc93-a047-4e69-a841-f2ab9b6b5ebf,3f84691d-3a4e-41de-9bc3-1f25b9fffe9c,e2232f13-5e0a-4b96-8a90-86a04951b3cf,,"2021-06-03 07:47:52.777491",,,,,,
14088cbd-2e1c-4695-8c08-5bb377b0f193,444b8d23-d48e-471e-8b9b-7072bd265bbb,5defdf15-614e-43ed-a91c-0930e1ad0fbf,AUTHORIZATION_SUBMITTED,"2021-06-03 07:47:52.780961",,,,,,
6759dc8a-c9ec-425f-92ba-801da6a00846,bbfbf7a9-2161-4bad-b807-9e869fab2031,a903c7df-c0f8-43ed-8e94-6be63ae5aaf9,,"2021-06-03 07:47:52.785729",,,,,,
bdc86639-45ef-4543-937e-334b0babec7c,3f84691d-3a4e-41de-9bc3-1f25b9fffe9c,e2232f13-5e0a-4b96-8a90-86a04951b3cf,,"2021-06-03 07:47:52.787651",,,,,,
8677aab6-a8ef-4ee0-8c02-ed2911b88af6,2951eae7-715a-4cf6-92a0-3a77cd95948e,c15ac971-6db3-400f-a9b6-d95b6f8450f9,,"2021-06-03 07:47:52.791612",,,,,,
e4346620-0abe-4689-be4f-15640d9ea2a2,3f84691d-3a4e-41de-9bc3-1f25b9fffe9c,e2232f13-5e0a-4b96-8a90-86a04951b3cf,AUTHORIZATION_SUBMITTED,"2021-06-03 07:47:52.797115",,,,,,
c64b8328-7dbe-4229-a857-9dec4df8acab,bbfbf7a9-2161-4bad-b807-9e869fab2031,a903c7df-c0f8-43ed-8e94-6be63ae5aaf9,,"2021-06-03 07:47:52.799358",,,,,,
8f2b7679-af48-4103-b2de-5dc053e9c306,c6b2a05b-cb9e-4e29-ae83-12cb03107a26,f33fcf0c-49d0-4c96-b155-160954c6f5bb,,"2021-06-03 07:47:52.801378",,,,,,
3bacd158-afae-40a4-b07a-08f35870ade1,2951eae7-715a-4cf6-92a0-3a77cd95948e,c15ac971-6db3-400f-a9b6-d95b6f8450f9,,"2021-06-03 07:47:52.806505",,,,,,
67c6c25e-d8e9-48d2-8c82-4ae8f613d6e3,c6b2a05b-cb9e-4e29-ae83-12cb03107a26,f33fcf0c-49d0-4c96-b155-160954c6f5bb,,"2021-06-03 07:47:52.810322",,,,,,
4bbad163-fa40-4800-9150-2e4da922f978,bbfbf7a9-2161-4bad-b807-9e869fab2031,a903c7df-c0f8-43ed-8e94-6be63ae5aaf9,AUTHORIZATION_SUBMITTED,"2021-06-03 07:47:52.813969",,,,,,
513ff70f-9a0c-4e50-b72a-76fece9ba6e6,2951eae7-715a-4cf6-92a0-3a77cd95948e,c15ac971-6db3-400f-a9b6-d95b6f8450f9,AUTHORIZATION_SUBMITTED,"2021-06-03 07:47:52.818369",,,,,,
542ee263-ab75-4a2c-832a-1a3c462d93b8,c6b2a05b-cb9e-4e29-ae83-12cb03107a26,f33fcf0c-49d0-4c96-b155-160954c6f5bb,AUTHORIZATION_SUBMITTED,"2021-06-03 07:47:52.820515",,,,,,
9f536c9c-4a3b-45b5-b21e-1a4074b71fbe,c2785ee5-d3ae-4919-9e41-7651840e2e8d,c06ff7f6-784f-4e5b-be84-9b823922815a,,"2021-06-03 07:47:52.825146",,,,,,
88cb3a4c-29e1-45cf-9656-85c3e8fd123e,bbfbf7a9-2161-4bad-b807-9e869fab2031,a903c7df-c0f8-43ed-8e94-6be63ae5aaf9,AUTHORIZATION_FAILED,"2021-06-03 07:47:52.828858",ADYEN,"HTTP Status Response - Unauthorized",,APPLICATION_ERROR,,
0445e56f-ed73-4818-a102-8e3f2d3338c7,c2785ee5-d3ae-4919-9e41-7651840e2e8d,c06ff7f6-784f-4e5b-be84-9b823922815a,,"2021-06-03 07:47:52.833236",,,,,,
c5a482b2-d601-4e5d-bc52-423062e1d95e,c6b2a05b-cb9e-4e29-ae83-12cb03107a26,f33fcf0c-49d0-4c96-b155-160954c6f5bb,AUTHORIZATION_FAILED,"2021-06-03 07:47:52.837042",ADYEN,"HTTP Status Response - Unauthorized",,APPLICATION_ERROR,,
79428560-8b96-48af-9360-59f02b7bb4cc,62052d19-c590-4280-bfa8-d7200cbeea77,b9bb13d0-2863-4791-8533-031e67956b84,,"2021-06-03 07:47:52.837353",,,,,,
a2070782-6ef8-4dbe-badf-c0a101833c37,c2785ee5-d3ae-4919-9e41-7651840e2e8d,c06ff7f6-784f-4e5b-be84-9b823922815a,AUTHORIZATION_SUBMITTED,"2021-06-03 07:47:52.842674",,,,,,
bebae412-4534-4b78-b61e-df67bdcc214e,39e5e8e2-c5a1-4e74-a75b-377d00481287,386191f7-123d-40be-9112-db15dd6b34b3,,"2021-06-03 07:47:52.844231",,,,,,
2af4e872-598d-4601-b1be-44bcd25b39b4,62052d19-c590-4280-bfa8-d7200cbeea77,b9bb13d0-2863-4791-8533-031e67956b84,,"2021-06-03 07:47:52.845802",,,,,,
d14bb53b-e4ae-4c5e-a13a-577c2330d579,39e5e8e2-c5a1-4e74-a75b-377d00481287,386191f7-123d-40be-9112-db15dd6b34b3,,"2021-06-03 07:47:52.852403",,,,,,
4eac2537-eefd-4c38-a7fd-89e43b9ce6ca,62052d19-c590-4280-bfa8-d7200cbeea77,b9bb13d0-2863-4791-8533-031e67956b84,AUTHORIZATION_SUBMITTED,"2021-06-03 07:47:52.854799",,,,,,
ec0b5a40-ae9e-45cf-94df-9ddd58ad8416,c2785ee5-d3ae-4919-9e41-7651840e2e8d,c06ff7f6-784f-4e5b-be84-9b823922815a,AUTHORIZATION_FAILED,"2021-06-03 07:47:52.858544",ADYEN,"HTTP Status Response - Unauthorized",,APPLICATION_ERROR,,
0599512e-ae5e-4be0-8884-c257463d63c0,39e5e8e2-c5a1-4e74-a75b-377d00481287,386191f7-123d-40be-9112-db15dd6b34b3,AUTHORIZATION_SUBMITTED,"2021-06-03 07:47:52.861891",,,,,,
a16a933b-3889-49be-ae7f-de91fb6894a2,444b8d23-d48e-471e-8b9b-7072bd265bbb,5defdf15-614e-43ed-a91c-0930e1ad0fbf,AUTHORIZATION_FAILED,"2021-06-03 07:47:52.864372",ADYEN,"HTTP Status Response - Unauthorized",,APPLICATION_ERROR,,
161ae9ab-c715-4df4-9f1b-671b89b1a334,62052d19-c590-4280-bfa8-d7200cbeea77,b9bb13d0-2863-4791-8533-031e67956b84,AUTHORIZATION_FAILED,"2021-06-03 07:47:52.869404",ADYEN,"HTTP Status Response - Unauthorized",,APPLICATION_ERROR,,
a4948677-038d-4788-861e-c0403d2a0713,ff200240-c4ca-4c91-944d-1edf322499ec,396edcc1-a36e-405b-bde9-b1a9f063c024,,"2021-06-03 07:47:52.872779",,,,,,
6ab6fe16-8d45-4e22-929a-c7ecea53de4b,39e5e8e2-c5a1-4e74-a75b-377d00481287,386191f7-123d-40be-9112-db15dd6b34b3,AUTHORIZATION_FAILED,"2021-06-03 07:47:52.877138",ADYEN,"HTTP Status Response - Unauthorized",,APPLICATION_ERROR,,
e2271605-65f4-45ca-b857-a98fe5980f50,ff200240-c4ca-4c91-944d-1edf322499ec,396edcc1-a36e-405b-bde9-b1a9f063c024,,"2021-06-03 07:47:52.877622",,,,,,
78db9171-d698-448e-af70-b5802ea9c6e2,c1206c06-b767-4c79-a0fb-fbc1a37f646e,bfcd45f3-9431-4892-97d6-121426468220,,"2021-06-03 07:47:52.879709",,,,,,
e57c2fdc-8d45-47d3-91a6-5f8bf30b6a11,3df01e74-17be-4742-8315-6c4a2e80a9b7,3559c45b-985a-4480-b9fe-c07d9070f0b7,,"2021-06-03 07:47:52.88502",,,,,,
8b64f9fc-5a79-401d-99cd-68f48c1e58d0,ff200240-c4ca-4c91-944d-1edf322499ec,396edcc1-a36e-405b-bde9-b1a9f063c024,AUTHORIZATION_SUBMITTED,"2021-06-03 07:47:52.885562",,,,,,
ac8e7046-14c4-42af-94e3-ecb7613e3a2a,3f84691d-3a4e-41de-9bc3-1f25b9fffe9c,e2232f13-5e0a-4b96-8a90-86a04951b3cf,AUTHORIZATION_FAILED,"2021-06-03 07:47:52.887148",ADYEN,"HTTP Status Response - Unauthorized",,APPLICATION_ERROR,,
18e511c1-7dff-4f8c-8cb8-7a449d7925aa,c1206c06-b767-4c79-a0fb-fbc1a37f646e,bfcd45f3-9431-4892-97d6-121426468220,,"2021-06-03 07:47:52.889697",,,,,,
a1555ca9-dec2-48e9-a643-d9bbebad838d,3df01e74-17be-4742-8315-6c4a2e80a9b7,3559c45b-985a-4480-b9fe-c07d9070f0b7,,"2021-06-03 07:47:52.894841",,,,,,
13908b47-e146-4767-9363-3c596c037b51,2951eae7-715a-4cf6-92a0-3a77cd95948e,c15ac971-6db3-400f-a9b6-d95b6f8450f9,AUTHORIZATION_FAILED,"2021-06-03 07:47:52.897816",ADYEN,"HTTP Status Response - Unauthorized",,APPLICATION_ERROR,,
d139622f-9010-4660-9ee4-f1c1f708b1d3,c1206c06-b767-4c79-a0fb-fbc1a37f646e,bfcd45f3-9431-4892-97d6-121426468220,AUTHORIZATION_SUBMITTED,"2021-06-03 07:47:52.900137",,,,,,
361bd198-aae1-4759-8fdc-38400371c7c0,ff200240-c4ca-4c91-944d-1edf322499ec,396edcc1-a36e-405b-bde9-b1a9f063c024,AUTHORIZATION_FAILED,"2021-06-03 07:47:52.908487",ADYEN,"HTTP Status Response - Unauthorized",,APPLICATION_ERROR,,
7c374c16-c858-4615-9535-ab3026aef78b,3df01e74-17be-4742-8315-6c4a2e80a9b7,3559c45b-985a-4480-b9fe-c07d9070f0b7,AUTHORIZATION_SUBMITTED,"2021-06-03 07:47:52.914438",,,,,,
a6ecfa2e-64fb-4825-a550-740319bc9474,c1206c06-b767-4c79-a0fb-fbc1a37f646e,bfcd45f3-9431-4892-97d6-121426468220,AUTHORIZATION_FAILED,"2021-06-03 07:47:52.916585",ADYEN,"HTTP Status Response - Unauthorized",,APPLICATION_ERROR,,
34c14a7a-521a-40cb-ac62-f5a04c9d0d9a,017d51f4-278c-4ace-87d9-3df287513787,2798705c-289c-4051-bed9-0273637a88d2,,"2021-06-03 07:47:52.924707",,,,,,
b3cf1d3b-d94b-4230-872f-99c55998276e,017d51f4-278c-4ace-87d9-3df287513787,2798705c-289c-4051-bed9-0273637a88d2,,"2021-06-03 07:47:52.932859",,,,,,
584d3b2f-410e-4e99-a092-bb6ab245f5d1,017d51f4-278c-4ace-87d9-3df287513787,2798705c-289c-4051-bed9-0273637a88d2,AUTHORIZATION_SUBMITTED,"2021-06-03 07:47:52.942632",,,,,,
65527bf9-c0b0-4775-8bec-03bfffe21fdd,017d51f4-278c-4ace-87d9-3df287513787,2798705c-289c-4051-bed9-0273637a88d2,AUTHORIZATION_FAILED,"2021-06-03 07:47:52.956685",ADYEN,"HTTP Status Response - Unauthorized",,APPLICATION_ERROR,,
3437b301-9770-455f-885e-82bba26b4099,371903e1-16e0-48f3-a08e-0b0137d3041a,0a9abc77-3a96-451a-a3bf-d5f87500347c,,"2021-06-03 07:47:52.986658",,,,,,
2688d945-f3b4-489e-bdae-7fe2554ce254,69e4bee5-9cfa-4169-b65c-4a1ad0f2c060,aa39f74c-1caa-421a-b28d-1a1652d6f905,,"2021-06-03 07:47:52.986605",,,,,,
6eea4f2a-e454-4df9-b424-9330b14a3421,69e4bee5-9cfa-4169-b65c-4a1ad0f2c060,aa39f74c-1caa-421a-b28d-1a1652d6f905,,"2021-06-03 07:47:52.992482",,,,,,
3b4bed23-58bc-40cc-9a21-7a4c9d5ab175,69e4bee5-9cfa-4169-b65c-4a1ad0f2c060,aa39f74c-1caa-421a-b28d-1a1652d6f905,AUTHORIZATION_SUBMITTED,"2021-06-03 07:47:52.99835",,,,,,
635b929e-d63e-4eb1-afc7-771b7313c78d,371903e1-16e0-48f3-a08e-0b0137d3041a,0a9abc77-3a96-451a-a3bf-d5f87500347c,,"2021-06-03 07:47:52.997491",,,,,,
1d2e5211-242e-4649-8eca-3514626bca99,4f64114c-5945-4f45-ac3e-b62bc85a5578,b91bc45f-de17-4d65-81e6-d28f34a4dd35,,"2021-06-03 07:47:53.000935",,,,,,
57628d04-3952-437a-85a7-4ad0b4418444,3df01e74-17be-4742-8315-6c4a2e80a9b7,3559c45b-985a-4480-b9fe-c07d9070f0b7,AUTHORIZATION_FAILED,"2021-06-03 07:47:53.004932",ADYEN,"HTTP Status Response - Unauthorized",,APPLICATION_ERROR,,
265ab155-34e4-4abc-b39f-39f47da91b04,371903e1-16e0-48f3-a08e-0b0137d3041a,0a9abc77-3a96-451a-a3bf-d5f87500347c,AUTHORIZATION_SUBMITTED,"2021-06-03 07:47:53.008426",,,,,,
847fbb4b-827a-4059-ad03-3b5940467a09,4f64114c-5945-4f45-ac3e-b62bc85a5578,b91bc45f-de17-4d65-81e6-d28f34a4dd35,,"2021-06-03 07:47:53.007835",,,,,,
387fef43-ef2b-40d3-851e-cc7bea671e83,69e4bee5-9cfa-4169-b65c-4a1ad0f2c060,aa39f74c-1caa-421a-b28d-1a1652d6f905,AUTHORIZATION_FAILED,"2021-06-03 07:47:53.012152",ADYEN,"HTTP Status Response - Unauthorized",,APPLICATION_ERROR,,
a5fb90a7-93a3-4cf0-a47b-4a0a478bbaed,0386132b-25e4-4b99-b034-44b3abf0c872,8d7eaf43-cf0a-4c1a-b6a2-0bd63cb7150c,,"2021-06-03 07:47:53.013633",,,,,,
8f0f8e1d-3a1c-4577-bd03-ed58b5e869de,7eb88030-d80f-4495-9c29-88682f8b2a0e,e6f344f3-a545-4ce5-8188-b3ac791c94b3,,"2021-06-03 07:47:53.015602",,,,,,
f0dfd630-be00-47bd-a6f8-e7aba42ac018,c79f6ccd-a06f-4f90-b8b0-45602f8f4d9a,c2036119-b7d0-4d55-8a7f-c38a12e21f5f,,"2021-06-03 07:47:53.015739",,,,,,
a597c58f-f9c0-45f7-8a89-c3fc769de5fe,094d539f-e58b-42b9-9d84-b449af43ac10,47de10a4-184b-425d-b709-63f6e65a8d64,,"2021-06-03 07:47:53.017752",,,,,,
3586b0ab-91dc-452d-9562-2fe9d812837e,4f64114c-5945-4f45-ac3e-b62bc85a5578,b91bc45f-de17-4d65-81e6-d28f34a4dd35,AUTHORIZATION_SUBMITTED,"2021-06-03 07:47:53.018134",,,,,,
753e13d0-efcd-4d22-8d3a-107de62fad5b,643744b0-430f-41fd-a9c0-ef9516f74a5a,b76437a6-29ad-4ce5-b221-d097b3abf800,,"2021-06-03 07:47:53.019814",,,,,,
c93e7c8a-918a-409d-b5e0-b3f4dd00d8d0,0386132b-25e4-4b99-b034-44b3abf0c872,8d7eaf43-cf0a-4c1a-b6a2-0bd63cb7150c,,"2021-06-03 07:47:53.020493",,,,,,
a889df42-1a50-4f5e-86fc-97efb6cfc9c9,c79f6ccd-a06f-4f90-b8b0-45602f8f4d9a,c2036119-b7d0-4d55-8a7f-c38a12e21f5f,,"2021-06-03 07:47:53.025374",,,,,,
c735e71e-65f3-489e-a7f6-1ecdaefc79d5,7eb88030-d80f-4495-9c29-88682f8b2a0e,e6f344f3-a545-4ce5-8188-b3ac791c94b3,,"2021-06-03 07:47:53.025188",,,,,,
1d7d8b96-9e99-4740-b124-e9e6ddf0fc88,0386132b-25e4-4b99-b034-44b3abf0c872,8d7eaf43-cf0a-4c1a-b6a2-0bd63cb7150c,AUTHORIZATION_SUBMITTED,"2021-06-03 07:47:53.027254",,,,,,
5b649155-93e3-43f6-b949-f662de218ce3,4f64114c-5945-4f45-ac3e-b62bc85a5578,b91bc45f-de17-4d65-81e6-d28f34a4dd35,AUTHORIZATION_FAILED,"2021-06-03 07:47:53.032851",ADYEN,"HTTP Status Response - Unauthorized",,APPLICATION_ERROR,,
0d1bf77e-62bd-42a7-8322-17d72f0a053a,7eb88030-d80f-4495-9c29-88682f8b2a0e,e6f344f3-a545-4ce5-8188-b3ac791c94b3,AUTHORIZATION_SUBMITTED,"2021-06-03 07:47:53.034935",,,,,,
ad061e1d-5a70-4b6e-af84-e958905cbe7e,c79f6ccd-a06f-4f90-b8b0-45602f8f4d9a,c2036119-b7d0-4d55-8a7f-c38a12e21f5f,AUTHORIZATION_SUBMITTED,"2021-06-03 07:47:53.035013",,,,,,
1c37fdb2-cd99-48ec-8d88-1b5ec3dfcb3f,699d7e8b-40fd-4e2e-83b6-4d98dac35ddb,edda540f-c67b-4c2f-8834-e77d08510678,,"2021-06-03 07:47:53.037248",,,,,,
6ef525aa-e406-4006-a939-b6e6d3351581,0386132b-25e4-4b99-b034-44b3abf0c872,8d7eaf43-cf0a-4c1a-b6a2-0bd63cb7150c,AUTHORIZATION_FAILED,"2021-06-03 07:47:53.039449",ADYEN,"HTTP Status Response - Unauthorized",,APPLICATION_ERROR,,
7706a1a3-466a-4236-9efd-28564280b024,699d7e8b-40fd-4e2e-83b6-4d98dac35ddb,edda540f-c67b-4c2f-8834-e77d08510678,,"2021-06-03 07:47:53.044011",,,,,,
32fc8937-13d3-4d0b-b5fa-13d0ca7232de,c79f6ccd-a06f-4f90-b8b0-45602f8f4d9a,c2036119-b7d0-4d55-8a7f-c38a12e21f5f,AUTHORIZATION_FAILED,"2021-06-03 07:47:53.051485",ADYEN,"HTTP Status Response - Unauthorized",,APPLICATION_ERROR,,
34cc47cc-1f6b-456b-a001-94ddee9ff026,699d7e8b-40fd-4e2e-83b6-4d98dac35ddb,edda540f-c67b-4c2f-8834-e77d08510678,AUTHORIZATION_SUBMITTED,"2021-06-03 07:47:53.051933",,,,,,
684457fc-5adb-4eee-9fd2-d3dc6650042f,7eb88030-d80f-4495-9c29-88682f8b2a0e,e6f344f3-a545-4ce5-8188-b3ac791c94b3,AUTHORIZATION_FAILED,"2021-06-03 07:47:53.060441",ADYEN,"HTTP Status Response - Unauthorized",,APPLICATION_ERROR,,
24f847b9-29e0-4e2d-be3b-c4c97f414465,699d7e8b-40fd-4e2e-83b6-4d98dac35ddb,edda540f-c67b-4c2f-8834-e77d08510678,AUTHORIZATION_FAILED,"2021-06-03 07:47:53.065711",ADYEN,"HTTP Status Response - Unauthorized",,APPLICATION_ERROR,,
27856205-491c-4d9e-a590-dfda8ab988e9,371903e1-16e0-48f3-a08e-0b0137d3041a,0a9abc77-3a96-451a-a3bf-d5f87500347c,AUTHORIZATION_FAILED,"2021-06-03 07:47:53.095579",ADYEN,"HTTP Status Response - Unauthorized",,APPLICATION_ERROR,,
4db04d75-c542-4f2a-a517-f5d07ab43c00,643744b0-430f-41fd-a9c0-ef9516f74a5a,b76437a6-29ad-4ce5-b221-d097b3abf800,,"2021-06-03 07:47:53.115556",,,,,,
066837c3-3b1d-410d-baca-766b1a5b2b04,4d0beeb5-b9b7-44c4-8e6a-6fa4b2544532,c9e4d276-5e2a-49dd-abe4-c1530743f18a,,"2021-06-03 07:47:53.118744",,,,,,
f1dc3c48-25e4-439e-9832-2b959efc5b6d,4d0beeb5-b9b7-44c4-8e6a-6fa4b2544532,c9e4d276-5e2a-49dd-abe4-c1530743f18a,,"2021-06-03 07:47:53.127007",,,,,,
766d3d11-b3b5-4f8b-872a-7ef6452145f6,4d0beeb5-b9b7-44c4-8e6a-6fa4b2544532,c9e4d276-5e2a-49dd-abe4-c1530743f18a,AUTHORIZATION_SUBMITTED,"2021-06-03 07:47:53.137303",,,,,,
52492015-df47-47be-86bb-343ba2307f96,4d0beeb5-b9b7-44c4-8e6a-6fa4b2544532,c9e4d276-5e2a-49dd-abe4-c1530743f18a,AUTHORIZATION_FAILED,"2021-06-03 07:47:53.152221",ADYEN,"HTTP Status Response - Unauthorized",,APPLICATION_ERROR,,
7c3a4d39-1043-499e-ad66-59c965a25830,d15112c6-10b8-4749-bebe-e84d1f7078dd,47d30898-ed27-48c9-9cf2-09f9c3a1c449,,"2021-06-03 07:47:53.167906",,,,,,
96b24dbf-1a7e-40a1-ad3d-b93162ab9d96,d15112c6-10b8-4749-bebe-e84d1f7078dd,47d30898-ed27-48c9-9cf2-09f9c3a1c449,,"2021-06-03 07:47:53.17324",,,,,,
065a40e6-020c-417b-8f8a-6e8e3d6ecc5d,2f77908d-b8b4-4ef6-a8f4-c93abf4dc5e3,0088531d-006b-4165-8a86-0cf279f2ace4,,"2021-06-03 07:47:53.175184",,,,,,
1e9d8d09-94d5-4ba1-8642-388c9565d1b5,094d539f-e58b-42b9-9d84-b449af43ac10,47de10a4-184b-425d-b709-63f6e65a8d64,,"2021-06-03 07:47:53.177189",,,,,,
9e2deafd-a536-41d8-8301-e2bb44ad5cb7,d15112c6-10b8-4749-bebe-e84d1f7078dd,47d30898-ed27-48c9-9cf2-09f9c3a1c449,AUTHORIZATION_SUBMITTED,"2021-06-03 07:47:53.181555",,,,,,
47655fc6-653a-4c17-9bed-6530e408efb4,2f77908d-b8b4-4ef6-a8f4-c93abf4dc5e3,0088531d-006b-4165-8a86-0cf279f2ace4,,"2021-06-03 07:47:53.181224",,,,,,
0005031c-4213-488b-985a-620a8a45482b,643744b0-430f-41fd-a9c0-ef9516f74a5a,b76437a6-29ad-4ce5-b221-d097b3abf800,AUTHORIZATION_SUBMITTED,"2021-06-03 07:47:53.187455",,,,,,
a3df7e3f-e1df-49c7-96c2-0824c6319347,214b0278-4573-4783-81eb-884fdbf9c3bf,a9bf95ca-1045-4473-adf4-a4be01b51793,,"2021-06-03 07:47:53.190884",,,,,,
d573ad16-b9ea-4f7c-872f-9032aa5c64ec,094d539f-e58b-42b9-9d84-b449af43ac10,47de10a4-184b-425d-b709-63f6e65a8d64,AUTHORIZATION_SUBMITTED,"2021-06-03 07:47:53.191713",,,,,,
88264fc2-6e39-4968-a54f-0747132650a6,214b0278-4573-4783-81eb-884fdbf9c3bf,a9bf95ca-1045-4473-adf4-a4be01b51793,,"2021-06-03 07:47:53.200055",,,,,,
a5c9d7eb-0f6b-4b65-8f53-2a21f03e2c6f,d15112c6-10b8-4749-bebe-e84d1f7078dd,47d30898-ed27-48c9-9cf2-09f9c3a1c449,AUTHORIZATION_FAILED,"2021-06-03 07:47:53.209057",ADYEN,"HTTP Status Response - Unauthorized",,APPLICATION_ERROR,,
e4a61c15-f860-4b23-94a1-3714ae0086eb,214b0278-4573-4783-81eb-884fdbf9c3bf,a9bf95ca-1045-4473-adf4-a4be01b51793,AUTHORIZATION_SUBMITTED,"2021-06-03 07:47:53.210356",,,,,,
3652702c-e00c-4af2-b3f2-2ac6fcdebcad,2f77908d-b8b4-4ef6-a8f4-c93abf4dc5e3,0088531d-006b-4165-8a86-0cf279f2ace4,AUTHORIZATION_SUBMITTED,"2021-06-03 07:47:53.212143",,,,,,
1a8b84a5-eb1d-4fa7-b3e8-dd92a4705b0a,cea60da2-cbf5-473d-96b0-9f247df00b8b,84fce409-66bf-434d-8d97-4881448a5ad1,,"2021-06-03 07:47:53.219506",,,,,,
d1798f69-71e0-4e63-8f2e-90924882e1ee,cea60da2-cbf5-473d-96b0-9f247df00b8b,84fce409-66bf-434d-8d97-4881448a5ad1,,"2021-06-03 07:47:53.226406",,,,,,
892c2575-eee7-46e1-8ce6-76655ea9dc61,214b0278-4573-4783-81eb-884fdbf9c3bf,a9bf95ca-1045-4473-adf4-a4be01b51793,AUTHORIZATION_FAILED,"2021-06-03 07:47:53.22914",ADYEN,"HTTP Status Response - Unauthorized",,APPLICATION_ERROR,,
42a110d8-a653-4239-b902-3df85ff6e373,cea60da2-cbf5-473d-96b0-9f247df00b8b,84fce409-66bf-434d-8d97-4881448a5ad1,AUTHORIZATION_SUBMITTED,"2021-06-03 07:47:53.237243",,,,,,
7aa8447a-575d-45d8-a5bf-5b419ff19222,5e211f81-29c6-43a3-8287-bbeea98f9b86,338f4ebe-db5f-4e4c-8456-91db26f7ecc0,,"2021-06-03 07:47:53.241082",,,,,,
9787a66b-aa0c-4fca-9eba-36d7d3cc068e,5e211f81-29c6-43a3-8287-bbeea98f9b86,338f4ebe-db5f-4e4c-8456-91db26f7ecc0,,"2021-06-03 07:47:53.248831",,,,,,
a1a14ee0-a1d8-44da-aa77-35a70dc9353a,cea60da2-cbf5-473d-96b0-9f247df00b8b,84fce409-66bf-434d-8d97-4881448a5ad1,AUTHORIZATION_FAILED,"2021-06-03 07:47:53.251395",ADYEN,"HTTP Status Response - Unauthorized",,APPLICATION_ERROR,,
2851b556-48c3-4b90-88a3-273f6eb103bf,34223093-6039-43d9-8af3-7746d60b880a,0e74a90c-eced-4270-aca9-c667bf6e3e1c,,"2021-06-03 07:47:53.253303",,,,,,
e26e5ab3-17eb-4ed6-821b-45c535b9efa6,5e211f81-29c6-43a3-8287-bbeea98f9b86,338f4ebe-db5f-4e4c-8456-91db26f7ecc0,AUTHORIZATION_SUBMITTED,"2021-06-03 07:47:53.258853",,,,,,
89e75c4e-695c-414b-859b-5f860907b4c3,34223093-6039-43d9-8af3-7746d60b880a,0e74a90c-eced-4270-aca9-c667bf6e3e1c,,"2021-06-03 07:47:53.269562",,,,,,
34163630-7a2c-4447-b1bd-47d7210a0b8d,5e211f81-29c6-43a3-8287-bbeea98f9b86,338f4ebe-db5f-4e4c-8456-91db26f7ecc0,AUTHORIZATION_FAILED,"2021-06-03 07:47:53.273538",ADYEN,"HTTP Status Response - Unauthorized",,APPLICATION_ERROR,,
99ff55f1-1729-4ece-9066-227466adbb52,9569ca1b-0321-4c87-8da0-818c341412d9,acad358e-b8c0-4954-96f1-42ef7191b8ec,,"2021-06-03 07:47:53.274376",,,,,,
f16a52c8-1360-4920-8d0b-4dea21182691,34223093-6039-43d9-8af3-7746d60b880a,0e74a90c-eced-4270-aca9-c667bf6e3e1c,AUTHORIZATION_SUBMITTED,"2021-06-03 07:47:53.281505",,,,,,
03a721a3-2cab-49da-a38b-4195512a0ace,643744b0-430f-41fd-a9c0-ef9516f74a5a,b76437a6-29ad-4ce5-b221-d097b3abf800,AUTHORIZATION_FAILED,"2021-06-03 07:47:53.282266",ADYEN,"HTTP Status Response - Unauthorized",,APPLICATION_ERROR,,
56257d5e-3da3-4765-b8d1-266872bbc611,9569ca1b-0321-4c87-8da0-818c341412d9,acad358e-b8c0-4954-96f1-42ef7191b8ec,,"2021-06-03 07:47:53.282777",,,,,,
dda5c672-82ad-43e2-b85d-8f38597517a8,e3aab4e7-fba5-47c5-95fe-09200812a63b,516e58d5-a900-4fcb-b4bb-48fc5ffc6f91,,"2021-06-03 07:47:53.288061",,,,,,
dcaff5ab-3f9c-43b7-8aad-cf99998571eb,9569ca1b-0321-4c87-8da0-818c341412d9,acad358e-b8c0-4954-96f1-42ef7191b8ec,AUTHORIZATION_SUBMITTED,"2021-06-03 07:47:53.292627",,,,,,
feccb045-02db-4374-9319-4643c74b1b30,817b4b51-e974-4819-a484-49cb365f2e2c,3e87ccc0-0ae7-4b7a-9bb6-73e4e16901a0,,"2021-06-03 07:47:53.292837",,,,,,
86591f60-1b7d-4b2d-8293-087a95687492,e3aab4e7-fba5-47c5-95fe-09200812a63b,516e58d5-a900-4fcb-b4bb-48fc5ffc6f91,,"2021-06-03 07:47:53.295782",,,,,,
ee494d67-b2f3-4d66-8977-5ae30557ed6a,094d539f-e58b-42b9-9d84-b449af43ac10,47de10a4-184b-425d-b709-63f6e65a8d64,AUTHORIZATION_FAILED,"2021-06-03 07:47:53.301996",ADYEN,"HTTP Status Response - Unauthorized",,APPLICATION_ERROR,,
3f15fa27-d99b-41e1-ab9b-ac317e7c3576,34223093-6039-43d9-8af3-7746d60b880a,0e74a90c-eced-4270-aca9-c667bf6e3e1c,AUTHORIZATION_FAILED,"2021-06-03 07:47:53.303501",ADYEN,"HTTP Status Response - Unauthorized",,APPLICATION_ERROR,,
f2720376-e7bd-469e-a56f-0bb2b157d545,9569ca1b-0321-4c87-8da0-818c341412d9,acad358e-b8c0-4954-96f1-42ef7191b8ec,AUTHORIZATION_FAILED,"2021-06-03 07:47:53.310184",ADYEN,"HTTP Status Response - Unauthorized",,APPLICATION_ERROR,,
dcd6cd11-bc18-4d5d-be0f-d73458cdd7f7,817b4b51-e974-4819-a484-49cb365f2e2c,3e87ccc0-0ae7-4b7a-9bb6-73e4e16901a0,,"2021-06-03 07:47:53.309879",,,,,,
3e0cfde6-8262-470f-a964-5ff42a27407f,e3aab4e7-fba5-47c5-95fe-09200812a63b,516e58d5-a900-4fcb-b4bb-48fc5ffc6f91,AUTHORIZATION_SUBMITTED,"2021-06-03 07:47:53.318",,,,,,
018a56f3-41b7-449c-ae9c-11a4792012b6,5709ada9-7e06-42e3-8bca-d7dcaf5bad01,05a6188f-53ea-4b05-b6b8-3db43cc2a5b9,,"2021-06-03 07:47:53.319924",,,,,,
36933bdf-33bf-4f5f-a2ba-f06daeb6d29c,68c9fb88-5223-487d-95d2-196452023ba8,e5b35925-d661-4cf8-b882-b4625e397e89,,"2021-06-03 07:47:53.320211",,,,,,
3c7964b6-4f4a-4faa-a87b-414113076043,5709ada9-7e06-42e3-8bca-d7dcaf5bad01,05a6188f-53ea-4b05-b6b8-3db43cc2a5b9,,"2021-06-03 07:47:53.333473",,,,,,
a3ca742c-1a30-4b0b-bf0d-b87fb0744f64,68c9fb88-5223-487d-95d2-196452023ba8,e5b35925-d661-4cf8-b882-b4625e397e89,,"2021-06-03 07:47:53.337114",,,,,,
82e48493-a8a9-4514-9a0d-65f66f189f42,861a341c-e198-43a9-ba8f-a5771f52f8f0,160df42b-0680-4c09-8733-d68d6d9cce84,,"2021-06-03 07:47:53.338936",,,,,,
